complex,adjustment,param_value,time,ATP
Complex IV,0,0,0,0
Complex IV,0,0,9.88731394267737e-08,4.47923840651609e-06
Complex IV,0,0,1.07771721975183e-07,8.87368169007885e-06
Complex IV,0,0,1.16670304523593e-07,1.31829868206406e-05
Complex IV,0,0,1.25568887072003e-07,2.44399079947224e-05
Complex IV,0,0,1.3149690323794e-07,3.51304720017463e-05
Complex IV,0,0,1.37424919403877e-07,4.52651437815114e-05
Complex IV,0,0,1.4131184104122e-07,5.48645725575746e-05
Complex IV,0,0,1.45198762678563e-07,9.75551822103303e-05
Complex IV,0,0,1.49085684315906e-07,0.000129303731719715
Complex IV,0,0,1.50743385006969e-07,0.000152431282817438
Complex IV,0,0,1.52401085698032e-07,0.000168886168527364
Complex IV,0,0,1.54058786389096e-07,0.000184934588611142
Complex IV,0,0,1.55716487080159e-07,0.000192065229473012
Complex IV,0,0,1.62714477828822e-07,0.000193596653767012
Complex IV,0,0,1.69712468577485e-07,0.000191556643399597
Complex IV,0,0,1.76710459326149e-07,0.00018723214275838
Complex IV,0,0,1.99135547896264e-07,0.000184618335503012
Complex IV,0,0,2.21560636466379e-07,0.000181741470219224
Complex IV,0,0,2.43985725036494e-07,0.000178669320401319
Complex IV,0,0,2.66410813606609e-07,0.000175460292298651
Complex IV,0,0,3.12647403776984e-07,0.00017447853631174
Complex IV,0,0,3.58883993947359e-07,0.000173489208810036
Complex IV,0,0,4.05120584117734e-07,0.000172493153064996
Complex IV,0,0,4.51357174288109e-07,0.000171491281109814
Complex IV,0,0,4.97593764458484e-07,0.000170484436754225
Complex IV,0,0,5.64618398960261e-07,0.00016887947199525
Complex IV,0,0,6.31643033462038e-07,0.000167266620938054
Complex IV,0,0,6.98667667963816e-07,0.000165648297985647
Complex IV,0,0,7.65692302465593e-07,0.000164026757072431
Complex IV,0,0,8.3271693696737e-07,0.000153430611763328
Complex IV,0,0,9.02080602259131e-07,0.000143131538201326
Complex IV,0,0,9.71444267550891e-07,0.000133332393339593
Complex IV,0,0,1.04080793284265e-06,0.000124136688320902
Complex IV,0,0,1.11017159813441e-06,0.000111006055925106
Complex IV,0,0,1.17953526342617e-06,9.93833093091299e-05
Complex IV,0,0,1.29275055143368e-06,8.91233799821137e-05
Complex IV,0,0,1.40596583944119e-06,8.00623551444066e-05
Complex IV,0,0,1.5191811274487e-06,7.20603241722692e-05
Complex IV,0,0,1.63239641545621e-06,7.18129421277767e-05
Complex IV,0,0,1.74561170346373e-06,7.17389434028229e-05
Complex IV,0,0,1.99146385372603e-06,7.16650391929098e-05
Complex IV,0,0,2.23731600398833e-06,7.15912269969468e-05
Complex IV,0,0,2.48316815425064e-06,7.15175062455686e-05
Complex IV,0,0,2.72902030451294e-06,7.14438770789807e-05
Complex IV,0,0,2.97487245477525e-06,7.07598205766946e-05
Complex IV,0,0,3.47955056656131e-06,7.00836791204748e-05
Complex IV,0,0,3.98422867834737e-06,6.94153657601472e-05
Complex IV,0,0,4.48890679013343e-06,6.87547894540562e-05
Complex IV,0,0,4.99358490191949e-06,6.45321592675637e-05
Complex IV,0,0,5.49826301370555e-06,6.0624623177167e-05
Complex IV,0,0,6.82678126756533e-06,5.70096456341583e-05
Complex IV,0,0,8.15529952142512e-06,5.36653015532247e-05
Complex IV,0,0,9.48381777528491e-06,5.11349508868705e-05
Complex IV,0,0,1.08123360291447e-05,5.04068008720035e-05
Complex IV,0,0,1.21408542830045e-05,4.96923608953161e-05
Complex IV,0,0,1.61119667558821e-05,4.89913199125816e-05
Complex IV,0,0,1.73033004977454e-05,4.83034138962352e-05
Complex IV,0,0,1.84946342396087e-05,4.76284009762369e-05
Complex IV,0,0,1.9685967981472e-05,4.57983343356823e-05
Complex IV,0,0,2.0043368104031e-05,4.40629292148688e-05
Complex IV,0,0,2.040076822659e-05,4.24174518032451e-05
Complex IV,0,0,2.06795158182553e-05,4.08572436891518e-05
Complex IV,0,0,2.07631400957549e-05,3.97684845955776e-05
Complex IV,0,0,2.08467643732544e-05,3.87212235575865e-05
Complex IV,0,0,2.0930388650754e-05,3.77138732110664e-05
Complex IV,0,0,2.09554759340039e-05,3.67449215979666e-05
Complex IV,0,0,2.09805632172538e-05,3.65949520210209e-05
Complex IV,0,0,2.10056505005037e-05,3.64458940489052e-05
Complex IV,0,0,2.10131766854786e-05,3.6297747411481e-05
Complex IV,0,0,2.10207028704536e-05,3.61505089602715e-05
Complex IV,0,0,2.10282290554286e-05,3.47544546981035e-05
Complex IV,0,0,2.1030486910921e-05,3.34386518269449e-05
Complex IV,0,0,2.10327447664135e-05,3.21997202498978e-05
Complex IV,0,0,2.1035002621906e-05,3.09815348283678e-05
Complex IV,0,0,2.10356799785538e-05,2.98312398822563e-05
Complex IV,0,0,2.10363573352015e-05,2.87497493147359e-05
Complex IV,0,0,2.10370346918493e-05,2.77346339438123e-05
Complex IV,0,0,2.1037712048497e-05,2.6908151038342e-05
Complex IV,0,0,2.10379152554913e-05,2.66691041902348e-05
Complex IV,0,0,2.10381184624857e-05,2.64339504462566e-05
Complex IV,0,0,2.103832166948e-05,2.62026358167772e-05
Complex IV,0,0,2.10383826315783e-05,2.59751039756288e-05
Complex IV,0,0,2.10384435936766e-05,2.46684318047983e-05
Complex IV,0,0,2.10385045557749e-05,2.34848391330027e-05
Complex IV,0,0,2.10385655178732e-05,2.24142222210592e-05
Complex IV,0,0,2.10385838065027e-05,2.20282066447604e-05
Complex IV,0,0,2.10386020951322e-05,2.16575282934643e-05
Complex IV,0,0,2.10386203837616e-05,2.13010681055024e-05
Complex IV,0,0,2.10386258703505e-05,2.05310799686654e-05
Complex IV,0,0,2.10386313569393e-05,1.98260274979225e-05
Complex IV,0,0,2.10386368435282e-05,1.96223019685543e-05
Complex IV,0,0,2.1038642330117e-05,1.94244056720752e-05
Complex IV,0,0,2.10386439760937e-05,1.92319066514973e-05
Complex IV,0,0,2.10386444698867e-05,1.92318938105908e-05
Complex IV,0,0,2.10386449636797e-05,1.92318809785212e-05
Complex IV,0,0,2.10386454574727e-05,1.92318681478511e-05
Complex IV,0,0,2.10386459512657e-05,1.92318646836309e-05
Complex IV,0,0,2.10386460994036e-05,1.92318612194215e-05
Complex IV,0,0,2.10386462475415e-05,1.92318601801593e-05
Complex IV,0.05,1.6281e-06,0,0
Complex IV,0.05,1.6281e-06,9.88731394267737e-08,4.47923840651609e-06
Complex IV,0.05,1.6281e-06,1.07771721975183e-07,8.87368169007891e-06
Complex IV,0.05,1.6281e-06,1.16670304523593e-07,1.31829868206407e-05
Complex IV,0.05,1.6281e-06,1.25568887072003e-07,2.70566751456449e-05
Complex IV,0.05,1.6281e-06,1.3149690323794e-07,4.0048859916642e-05
Complex IV,0.05,1.6281e-06,1.37424919403877e-07,5.21964096727821e-05
Complex IV,0.05,1.6281e-06,1.4131184104122e-07,9.21424528286621e-05
Complex IV,0.05,1.6281e-06,1.45198762678563e-07,0.000122868055152607
Complex IV,0.05,1.6281e-06,1.49085684315906e-07,0.000145996694445009
Complex IV,0.05,1.6281e-06,1.50743385006969e-07,0.000163048629975359
Complex IV,0.05,1.6281e-06,1.52401085698032e-07,0.000177787058123142
Complex IV,0.05,1.6281e-06,1.54058786389096e-07,0.000186953955866971
Complex IV,0.05,1.6281e-06,1.55716487080159e-07,0.00019199424505245
Complex IV,0.05,1.6281e-06,1.62714477828822e-07,0.000194005875965267
Complex IV,0.05,1.6281e-06,1.69712468577485e-07,0.000192599069813018
Complex IV,0.05,1.6281e-06,1.76710459326149e-07,0.000187658828662611
Complex IV,0.05,1.6281e-06,1.99135547896264e-07,0.000180856918242086
Complex IV,0.05,1.6281e-06,2.21560636466379e-07,0.000173110420062114
Complex IV,0.05,1.6281e-06,2.43985725036494e-07,0.000164947872645071
Complex IV,0.05,1.6281e-06,2.66410813606609e-07,0.000150660745974729
Complex IV,0.05,1.6281e-06,3.12647403776984e-07,0.000137116719427143
Complex IV,0.05,1.6281e-06,3.58883993947359e-07,0.000124683130677339
Complex IV,0.05,1.6281e-06,4.05120584117734e-07,0.000113377316413994
Complex IV,0.05,1.6281e-06,4.51357174288109e-07,0.000103134124047059
Complex IV,0.05,1.6281e-06,4.97593764458484e-07,9.10043448936104e-05
Complex IV,0.05,1.6281e-06,5.64618398960261e-07,8.0477417028679e-05
Complex IV,0.05,1.6281e-06,6.31643033462038e-07,7.13594613023164e-05
Complex IV,0.05,1.6281e-06,6.98667667963816e-07,6.88693218561123e-05
Complex IV,0.05,1.6281e-06,7.65692302465593e-07,6.64833957996621e-05
Complex IV,0.05,1.6281e-06,8.3271693696737e-07,6.41977157633691e-05
Complex IV,0.05,1.6281e-06,9.02080602259131e-07,6.35309831783324e-05
Complex IV,0.05,1.6281e-06,9.71444267550891e-07,6.33326414867916e-05
Complex IV,0.05,1.6281e-06,1.04080793284265e-06,6.31350675380513e-05
Complex IV,0.05,1.6281e-06,1.11017159813441e-06,6.29382577580749e-05
Complex IV,0.05,1.6281e-06,1.17953526342617e-06,6.27422091174833e-05
Complex IV,0.05,1.6281e-06,1.29275055143368e-06,6.254691877339e-05
Complex IV,0.05,1.6281e-06,1.40596583944119e-06,6.1359794125866e-05
Complex IV,0.05,1.6281e-06,1.5191811274487e-06,6.02006712314392e-05
Complex IV,0.05,1.6281e-06,1.63239641545621e-06,5.9068921138311e-05
Complex IV,0.05,1.6281e-06,1.74561170346373e-06,5.7963900791574e-05
Complex IV,0.05,1.6281e-06,1.99146385372603e-06,5.64956472496956e-05
Complex IV,0.05,1.6281e-06,2.23731600398833e-06,5.50745803396524e-05
Complex IV,0.05,1.6281e-06,2.48316815425064e-06,5.36991990149984e-05
Complex IV,0.05,1.6281e-06,2.72902030451294e-06,5.23680345995135e-05
Complex IV,0.05,1.6281e-06,2.97487245477525e-06,5.05529566707233e-05
Complex IV,0.05,1.6281e-06,3.47955056656131e-06,4.88200717026635e-05
Complex IV,0.05,1.6281e-06,3.98422867834737e-06,4.71656958276794e-05
Complex IV,0.05,1.6281e-06,4.48890679013343e-06,4.55862673917125e-05
Complex IV,0.05,1.6281e-06,4.99358490191949e-06,4.31747911495857e-05
Complex IV,0.05,1.6281e-06,5.49826301370555e-06,4.09383734712471e-05
Complex IV,0.05,1.6281e-06,6.82678126756533e-06,3.88640397643654e-05
Complex IV,0.05,1.6281e-06,8.15529952142512e-06,3.69399195201852e-05
Complex IV,0.05,1.6281e-06,9.48381777528491e-06,3.69354174175936e-05
Complex IV,0.05,1.6281e-06,1.08123360291447e-05,3.69350122853573e-05
Complex IV,0.05,1.6281e-06,1.21408542830045e-05,3.69346071612245e-05
Complex IV,0.05,1.6281e-06,1.61119667558821e-05,3.69342020439751e-05
Complex IV,0.05,1.6281e-06,1.73033004977454e-05,3.69337969332263e-05
Complex IV,0.05,1.6281e-06,1.84946342396087e-05,3.69333918290296e-05
Complex IV,0.05,1.6281e-06,1.9685967981472e-05,3.69327100930659e-05
Complex IV,0.05,1.6281e-06,2.0043368104031e-05,3.69325055759582e-05
Complex IV,0.05,1.6281e-06,2.040076822659e-05,3.69323010605519e-05
Complex IV,0.05,1.6281e-06,2.06795158182553e-05,3.69322397062617e-05
Complex IV,0.05,1.6281e-06,2.07631400957549e-05,3.69321783521245e-05
Complex IV,0.05,1.6281e-06,2.08467643732544e-05,3.69321728302598e-05
Complex IV,0.05,1.6281e-06,2.0930388650754e-05,3.6932167308396e-05
Complex IV,0.05,1.6281e-06,2.09554759340039e-05,3.69321617865335e-05
Complex IV,0.05,1.6281e-06,2.09805632172538e-05,3.69321562646724e-05
Complex IV,0.05,1.6281e-06,2.10056505005037e-05,3.69321559700545e-05
Complex IV,0.05,1.6281e-06,2.10131766854786e-05,3.69321556754367e-05
Complex IV,0.05,1.6281e-06,2.10207028704536e-05,3.6932155648921e-05
Complex IV,0.05,1.6281e-06,2.10282290554286e-05,3.69321556224053e-05
Complex IV,0.05,1.6281e-06,2.1030486910921e-05,3.69321556144507e-05
Complex IV,0.05,1.6281e-06,2.10327447664135e-05,3.69321556064962e-05
Complex IV,0.05,1.6281e-06,2.1035002621906e-05,3.69321555985416e-05
Complex IV,0.05,1.6281e-06,2.10356799785538e-05,3.6932155590587e-05
Complex IV,0.05,1.6281e-06,2.10363573352015e-05,3.69321555110402e-05
Complex IV,0.05,1.6281e-06,2.10370346918493e-05,3.69321554314934e-05
Complex IV,0.05,1.6281e-06,2.1037712048497e-05,3.69321553519465e-05
Complex IV,0.05,1.6281e-06,2.10379152554913e-05,3.69321552803543e-05
Complex IV,0.05,1.6281e-06,2.10381184624857e-05,3.6932155208762e-05
Complex IV,0.05,1.6281e-06,2.103832166948e-05,3.69321551371698e-05
Complex IV,0.05,1.6281e-06,2.10383826315783e-05,3.69321544212485e-05
Complex IV,0.05,1.6281e-06,2.10384435936766e-05,3.6932153705327e-05
Complex IV,0.05,1.6281e-06,2.10385045557749e-05,3.69321529894056e-05
Complex IV,0.05,1.6281e-06,2.10385655178732e-05,3.69321523450764e-05
Complex IV,0.05,1.6281e-06,2.10385838065027e-05,3.69321517007472e-05
Complex IV,0.05,1.6281e-06,2.10386020951322e-05,3.69321510564182e-05
Complex IV,0.05,1.6281e-06,2.10386203837616e-05,3.69321446131281e-05
Complex IV,0.05,1.6281e-06,2.10386258703505e-05,3.69321381698399e-05
Complex IV,0.05,1.6281e-06,2.10386313569393e-05,3.69321317265534e-05
Complex IV,0.05,1.6281e-06,2.10386368435282e-05,3.69320672938326e-05
Complex IV,0.05,1.6281e-06,2.1038642330117e-05,3.69320028612767e-05
Complex IV,0.05,1.6281e-06,2.10386439760937e-05,3.69319384288887e-05
Complex IV,0.05,1.6281e-06,2.10386444698867e-05,3.69312941194922e-05
Complex IV,0.05,1.6281e-06,2.10386449636797e-05,3.69306498265787e-05
Complex IV,0.05,1.6281e-06,2.10386454574727e-05,3.69304565407567e-05
Complex IV,0.05,1.6281e-06,2.10386459512657e-05,3.6930263256535e-05
Complex IV,0.05,1.6281e-06,2.10386460994036e-05,3.6930069973843e-05
Complex IV,0.05,1.6281e-06,2.10386462475415e-05,3.69300177876738e-05
Complex IV,0.1,3.2562e-06,0,0
Complex IV,0.1,3.2562e-06,9.88731394267737e-08,1.3593344159552e-06
Complex IV,0.1,3.2562e-06,1.07771721975183e-07,2.710877394375e-06
Complex IV,0.1,3.2562e-06,1.16670304523593e-07,4.05450489871611e-06
Complex IV,0.1,3.2562e-06,1.25568887072003e-07,6.74905736144167e-06
Complex IV,0.1,3.2562e-06,1.3149690323794e-07,9.41197902520685e-06
Complex IV,0.1,3.2562e-06,1.37424919403877e-07,1.2043268036162e-05
Complex IV,0.1,3.2562e-06,1.4131184104122e-07,2.59670473949382e-05
Complex IV,0.1,3.2562e-06,1.45198762678563e-07,3.90105639698905e-05
Complex IV,0.1,3.2562e-06,1.49085684315906e-07,5.12082923352098e-05
Complex IV,0.1,3.2562e-06,1.50743385006969e-07,8.18775786644001e-05
Complex IV,0.1,3.2562e-06,1.52401085698032e-07,0.000107221347985201
Complex IV,0.1,3.2562e-06,1.54058786389096e-07,0.000127897437844013
Complex IV,0.1,3.2562e-06,1.55716487080159e-07,0.000144593607544457
Complex IV,0.1,3.2562e-06,1.62714477828822e-07,0.000167434898032637
Complex IV,0.1,3.2562e-06,1.69712468577485e-07,0.000181476368798135
Complex IV,0.1,3.2562e-06,1.76710459326149e-07,0.000189350866484106
Complex IV,0.1,3.2562e-06,1.99135547896264e-07,0.000192870007503978
Complex IV,0.1,3.2562e-06,2.21560636466379e-07,0.000193294594293798
Complex IV,0.1,3.2562e-06,2.43985725036494e-07,0.000189117452345476
Complex IV,0.1,3.2562e-06,2.66410813606609e-07,0.000181576204428578
Complex IV,0.1,3.2562e-06,3.12647403776984e-07,0.000172544313987996
Complex IV,0.1,3.2562e-06,3.58883993947359e-07,0.000169732798407104
Complex IV,0.1,3.2562e-06,4.05120584117734e-07,0.000166861112656576
Complex IV,0.1,3.2562e-06,4.51357174288109e-07,0.000163955016096102
Complex IV,0.1,3.2562e-06,4.97593764458484e-07,0.000161039909119301
Complex IV,0.1,3.2562e-06,5.64618398960261e-07,0.000158130873536384
Complex IV,0.1,3.2562e-06,6.31643033462038e-07,0.000149310182570967
Complex IV,0.1,3.2562e-06,6.98667667963816e-07,0.000140768089096611
Complex IV,0.1,3.2562e-06,7.65692302465593e-07,0.000132600704761611
Complex IV,0.1,3.2562e-06,8.3271693696737e-07,0.000124860433909666
Complex IV,0.1,3.2562e-06,9.02080602259131e-07,0.000120725765778993
Complex IV,0.1,3.2562e-06,9.71444267550891e-07,0.00011673049161097
Complex IV,0.1,3.2562e-06,1.04080793284265e-06,0.000112873449595264
Complex IV,0.1,3.2562e-06,1.11017159813441e-06,0.000109152593354983
Complex IV,0.1,3.2562e-06,1.17953526342617e-06,0.000105564853034597
Complex IV,0.1,3.2562e-06,1.29275055143368e-06,0.000103995646883051
Complex IV,0.1,3.2562e-06,1.40596583944119e-06,0.000102452107337755
Complex IV,0.1,3.2562e-06,1.5191811274487e-06,0.000100933948784092
Complex IV,0.1,3.2562e-06,1.63239641545621e-06,9.94408494018968e-05
Complex IV,0.1,3.2562e-06,1.74561170346373e-06,9.01736178156997e-05
Complex IV,0.1,3.2562e-06,1.99146385372603e-06,8.18790488887916e-05
Complex IV,0.1,3.2562e-06,2.23731600398833e-06,7.44645181126402e-05
Complex IV,0.1,3.2562e-06,2.48316815425064e-06,6.78393406057997e-05
Complex IV,0.1,3.2562e-06,2.72902030451294e-06,6.50412254010891e-05
Complex IV,0.1,3.2562e-06,2.97487245477525e-06,6.23865447832985e-05
Complex IV,0.1,3.2562e-06,3.47955056656131e-06,5.98663372762961e-05
Complex IV,0.1,3.2562e-06,3.98422867834737e-06,5.74728579462087e-05
Complex IV,0.1,3.2562e-06,4.48890679013343e-06,5.51995930988391e-05
Complex IV,0.1,3.2562e-06,4.99358490191949e-06,5.36811179214262e-05
Complex IV,0.1,3.2562e-06,5.49826301370555e-06,5.22161719078071e-05
Complex IV,0.1,3.2562e-06,6.82678126756533e-06,5.08030030200923e-05
Complex IV,0.1,3.2562e-06,8.15529952142512e-06,4.94398435492739e-05
Complex IV,0.1,3.2562e-06,9.48381777528491e-06,4.75295321731152e-05
Complex IV,0.1,3.2562e-06,1.08123360291447e-05,4.57174480136767e-05
Complex IV,0.1,3.2562e-06,1.21408542830045e-05,4.39985945233567e-05
Complex IV,0.1,3.2562e-06,1.61119667558821e-05,4.23681649570349e-05
Complex IV,0.1,3.2562e-06,1.73033004977454e-05,4.009720318152e-05
Complex IV,0.1,3.2562e-06,1.84946342396087e-05,3.79981934655333e-05
Complex IV,0.1,3.2562e-06,1.9685967981472e-05,3.73999415256409e-05
Complex IV,0.1,3.2562e-06,2.0043368104031e-05,3.68156157899491e-05
Complex IV,0.1,3.2562e-06,2.040076822659e-05,3.62448955470059e-05
Complex IV,0.1,3.2562e-06,2.06795158182553e-05,3.5687462770026e-05
Complex IV,0.1,3.2562e-06,2.07631400957549e-05,3.55227768930721e-05
Complex IV,0.1,3.2562e-06,2.08467643732544e-05,3.53592506242516e-05
Complex IV,0.1,3.2562e-06,2.0930388650754e-05,3.51968758353913e-05
Complex IV,0.1,3.2562e-06,2.09554759340039e-05,3.51823183064048e-05
Complex IV,0.1,3.2562e-06,2.09805632172538e-05,3.5167770032348e-05
Complex IV,0.1,3.2562e-06,2.10056505005037e-05,3.51532310074764e-05
Complex IV,0.1,3.2562e-06,2.10131766854786e-05,3.51387012259973e-05
Complex IV,0.1,3.2562e-06,2.10207028704536e-05,3.51373939988537e-05
Complex IV,0.1,3.2562e-06,2.10282290554286e-05,3.51360868465298e-05
Complex IV,0.1,3.2562e-06,2.1030486910921e-05,3.51347797690209e-05
Complex IV,0.1,3.2562e-06,2.10327447664135e-05,3.5133472766323e-05
Complex IV,0.1,3.2562e-06,2.1035002621906e-05,3.51321658384317e-05
Complex IV,0.1,3.2562e-06,2.10356799785538e-05,3.51317552058207e-05
Complex IV,0.1,3.2562e-06,2.10363573352015e-05,3.51313445805946e-05
Complex IV,0.1,3.2562e-06,2.10370346918493e-05,3.51309339627535e-05
Complex IV,0.1,3.2562e-06,2.1037712048497e-05,3.51309329649613e-05
Complex IV,0.1,3.2562e-06,2.10379152554913e-05,3.51309319671692e-05
Complex IV,0.1,3.2562e-06,2.10381184624857e-05,3.5130931940229e-05
Complex IV,0.1,3.2562e-06,2.103832166948e-05,3.51309319132887e-05
Complex IV,0.1,3.2562e-06,2.10383826315783e-05,3.51309319070508e-05
Complex IV,0.1,3.2562e-06,2.10384435936766e-05,3.51309319068826e-05
Complex IV,0.1,3.2562e-06,2.10385045557749e-05,3.51309319067143e-05
Complex IV,0.1,3.2562e-06,2.10385655178732e-05,3.5130931906546e-05
Complex IV,0.1,3.2562e-06,2.10385838065027e-05,3.51309319063778e-05
Complex IV,0.1,3.2562e-06,2.10386020951322e-05,3.51309319062095e-05
Complex IV,0.1,3.2562e-06,2.10386203837616e-05,3.51309319058535e-05
Complex IV,0.1,3.2562e-06,2.10386258703505e-05,3.51309319054974e-05
Complex IV,0.1,3.2562e-06,2.10386313569393e-05,3.51309319051413e-05
Complex IV,0.1,3.2562e-06,2.10386368435282e-05,3.51309319047853e-05
Complex IV,0.1,3.2562e-06,2.1038642330117e-05,3.51309319012254e-05
Complex IV,0.1,3.2562e-06,2.10386439760937e-05,3.51309318976656e-05
Complex IV,0.1,3.2562e-06,2.10386444698867e-05,3.51309318941057e-05
Complex IV,0.1,3.2562e-06,2.10386449636797e-05,3.51309318905458e-05
Complex IV,0.1,3.2562e-06,2.10386454574727e-05,3.51309318549473e-05
Complex IV,0.1,3.2562e-06,2.10386459512657e-05,3.51309318193489e-05
Complex IV,0.1,3.2562e-06,2.10386460994036e-05,3.51309317837504e-05
Complex IV,0.1,3.2562e-06,2.10386462475415e-05,3.5130931773071e-05
Complex IV,0.15,4.8843e-06,0,0
Complex IV,0.15,4.8843e-06,9.88731394267737e-08,1.3593344159552e-06
Complex IV,0.15,4.8843e-06,1.07771721975183e-07,2.710877394375e-06
Complex IV,0.15,4.8843e-06,1.16670304523593e-07,4.05450489871611e-06
Complex IV,0.15,4.8843e-06,1.25568887072003e-07,6.13529244471287e-06
Complex IV,0.15,4.8843e-06,1.3149690323794e-07,8.19715834812916e-06
Complex IV,0.15,4.8843e-06,1.37424919403877e-07,1.02401148176738e-05
Complex IV,0.15,4.8843e-06,1.4131184104122e-07,2.42485571951902e-05
Complex IV,0.15,4.8843e-06,1.45198762678563e-07,3.73750088502722e-05
Complex IV,0.15,4.8843e-06,1.49085684315906e-07,4.96530905511568e-05
Complex IV,0.15,4.8843e-06,1.50743385006969e-07,5.78873232773256e-05
Complex IV,0.15,4.8843e-06,1.52401085698032e-07,6.57858901075884e-05
Complex IV,0.15,4.8843e-06,1.54058786389096e-07,7.33245886679956e-05
Complex IV,0.15,4.8843e-06,1.55716487080159e-07,8.05046561422554e-05
Complex IV,0.15,4.8843e-06,1.62714477828822e-07,0.000115360603778193
Complex IV,0.15,4.8843e-06,1.69712468577485e-07,0.000141389892804731
Complex IV,0.15,4.8843e-06,1.76710459326149e-07,0.000160399743090957
Complex IV,0.15,4.8843e-06,1.99135547896264e-07,0.000173925512850589
Complex IV,0.15,4.8843e-06,2.21560636466379e-07,0.000186911430148962
Complex IV,0.15,4.8843e-06,2.43985725036494e-07,0.000192556130583914
Complex IV,0.15,4.8843e-06,2.66410813606609e-07,0.000193480668651089
Complex IV,0.15,4.8843e-06,3.12647403776984e-07,0.000191333233334052
Complex IV,0.15,4.8843e-06,3.58883993947359e-07,0.000187185072663217
Complex IV,0.15,4.8843e-06,4.05120584117734e-07,0.000177310385595703
Complex IV,0.15,4.8843e-06,4.51357174288109e-07,0.000166074532345721
Complex IV,0.15,4.8843e-06,4.97593764458484e-07,0.000154703694474689
Complex IV,0.15,4.8843e-06,5.64618398960261e-07,0.000143687160934063
Complex IV,0.15,4.8843e-06,6.31643033462038e-07,0.000133229915176735
Complex IV,0.15,4.8843e-06,6.98667667963816e-07,0.00011924607522029
Complex IV,0.15,4.8843e-06,7.65692302465593e-07,0.000115356243755952
Complex IV,0.15,4.8843e-06,8.3271693696737e-07,0.000111596705132436
Complex IV,0.15,4.8843e-06,9.02080602259131e-07,0.000107965465929153
Complex IV,0.15,4.8843e-06,9.71444267550891e-07,0.000104461529871482
Complex IV,0.15,4.8843e-06,1.04080793284265e-06,0.000101082535077629
Complex IV,0.15,4.8843e-06,1.11017159813441e-06,9.85897931978967e-05
Complex IV,0.15,4.8843e-06,1.17953526342617e-06,9.61656294066878e-05
Complex IV,0.15,4.8843e-06,1.29275055143368e-06,9.3808450333701e-05
Complex IV,0.15,4.8843e-06,1.40596583944119e-06,9.15166385273022e-05
Complex IV,0.15,4.8843e-06,1.5191811274487e-06,8.95083280142955e-05
Complex IV,0.15,4.8843e-06,1.63239641545621e-06,8.75504625360843e-05
Complex IV,0.15,4.8843e-06,1.74561170346373e-06,8.56418559980518e-05
Complex IV,0.15,4.8843e-06,1.99146385372603e-06,8.37813387310632e-05
Complex IV,0.15,4.8843e-06,2.23731600398833e-06,8.2437738485633e-05
Complex IV,0.15,4.8843e-06,2.48316815425064e-06,8.11192667672992e-05
Complex IV,0.15,4.8843e-06,2.72902030451294e-06,7.98254688214495e-05
Complex IV,0.15,4.8843e-06,2.97487245477525e-06,7.85558994938281e-05
Complex IV,0.15,4.8843e-06,3.47955056656131e-06,7.18978218874793e-05
Complex IV,0.15,4.8843e-06,3.98422867834737e-06,6.59051636810084e-05
Complex IV,0.15,4.8843e-06,4.48890679013343e-06,6.05149117116806e-05
Complex IV,0.15,4.8843e-06,4.99358490191949e-06,5.56669071331156e-05
Complex IV,0.15,4.8843e-06,5.49826301370555e-06,5.29097844692392e-05
Complex IV,0.15,4.8843e-06,6.82678126756533e-06,5.03300944154042e-05
Complex IV,0.15,4.8843e-06,8.15529952142512e-06,4.79150277521104e-05
Complex IV,0.15,4.8843e-06,9.48381777528491e-06,4.72207766017566e-05
Complex IV,0.15,4.8843e-06,1.08123360291447e-05,4.6540039019351e-05
Complex IV,0.15,4.8843e-06,1.21408542830045e-05,4.58725721615963e-05
Complex IV,0.15,4.8843e-06,1.61119667558821e-05,4.5218120584035e-05
Complex IV,0.15,4.8843e-06,1.73033004977454e-05,4.50242845049399e-05
Complex IV,0.15,4.8843e-06,1.84946342396087e-05,4.49663564728714e-05
Complex IV,0.15,4.8843e-06,1.9685967981472e-05,4.49085309672317e-05
Complex IV,0.15,4.8843e-06,2.0043368104031e-05,4.48508078191767e-05
Complex IV,0.15,4.8843e-06,2.040076822659e-05,4.48492507117125e-05
Complex IV,0.15,4.8843e-06,2.06795158182553e-05,4.48476936787182e-05
Complex IV,0.15,4.8843e-06,2.07631400957549e-05,4.48461367201984e-05
Complex IV,0.15,4.8843e-06,2.08467643732544e-05,4.48445798361548e-05
Complex IV,0.15,4.8843e-06,2.0930388650754e-05,4.48430230265849e-05
Complex IV,0.15,4.8843e-06,2.09554759340039e-05,4.48348494279417e-05
Complex IV,0.15,4.8843e-06,2.09805632172538e-05,4.48323977486956e-05
Complex IV,0.15,4.8843e-06,2.10056505005037e-05,4.48299462541893e-05
Complex IV,0.15,4.8843e-06,2.10131766854786e-05,4.48274949444085e-05
Complex IV,0.15,4.8843e-06,2.10207028704536e-05,4.48250438193402e-05
Complex IV,0.15,4.8843e-06,2.10282290554286e-05,4.48176915522169e-05
Complex IV,0.15,4.8843e-06,2.1030486910921e-05,4.48103409469961e-05
Complex IV,0.15,4.8843e-06,2.10327447664135e-05,4.48029920033129e-05
Complex IV,0.15,4.8843e-06,2.1035002621906e-05,4.47956447207911e-05
Complex IV,0.15,4.8843e-06,2.10356799785538e-05,4.47736128350055e-05
Complex IV,0.15,4.8843e-06,2.10363573352015e-05,4.47515958859239e-05
Complex IV,0.15,4.8843e-06,2.10370346918493e-05,4.4729593863712e-05
Complex IV,0.15,4.8843e-06,2.1037712048497e-05,4.47076067582391e-05
Complex IV,0.15,4.8843e-06,2.10379152554913e-05,4.46417348025239e-05
Complex IV,0.15,4.8843e-06,2.10381184624857e-05,4.45759967274831e-05
Complex IV,0.15,4.8843e-06,2.103832166948e-05,4.45103922688712e-05
Complex IV,0.15,4.8843e-06,2.10383826315783e-05,4.44449211548256e-05
Complex IV,0.15,4.8843e-06,2.10384435936766e-05,4.37974471224085e-05
Complex IV,0.15,4.8843e-06,2.10385045557749e-05,4.31630034981312e-05
Complex IV,0.15,4.8843e-06,2.10385655178732e-05,4.25413403567154e-05
Complex IV,0.15,4.8843e-06,2.10385838065027e-05,4.19322005858792e-05
Complex IV,0.15,4.8843e-06,2.10386020951322e-05,4.01765166626205e-05
Complex IV,0.15,4.8843e-06,2.10386203837616e-05,3.85247088567043e-05
Complex IV,0.15,4.8843e-06,2.10386258703505e-05,3.69708170700046e-05
Complex IV,0.15,4.8843e-06,2.10386313569393e-05,3.55090310464e-05
Complex IV,0.15,4.8843e-06,2.10386368435282e-05,3.3967323809211e-05
Complex IV,0.15,4.8843e-06,2.1038642330117e-05,3.25280238108131e-05
Complex IV,0.15,4.8843e-06,2.10386439760937e-05,3.11843447107134e-05
Complex IV,0.15,4.8843e-06,2.10386444698867e-05,2.99299261548368e-05
Complex IV,0.15,4.8843e-06,2.10386449636797e-05,2.95215815139646e-05
Complex IV,0.15,4.8843e-06,2.10386454574727e-05,2.91226483491857e-05
Complex IV,0.15,4.8843e-06,2.10386459512657e-05,2.87329326747916e-05
Complex IV,0.15,4.8843e-06,2.10386460994036e-05,2.83522377569924e-05
Complex IV,0.15,4.8843e-06,2.10386462475415e-05,2.80457245891094e-05
Complex IV,0.2,6.5124e-06,0,0
Complex IV,0.2,6.5124e-06,9.88731394267737e-08,1.3593344159552e-06
Complex IV,0.2,6.5124e-06,1.07771721975183e-07,2.710877394375e-06
Complex IV,0.2,6.5124e-06,1.16670304523593e-07,4.05450489871611e-06
Complex IV,0.2,6.5124e-06,1.25568887072003e-07,5.80408112149481e-06
Complex IV,0.2,6.5124e-06,1.3149690323794e-07,7.5402432990339e-06
Complex IV,0.2,6.5124e-06,1.37424919403877e-07,9.26301700733359e-06
Complex IV,0.2,6.5124e-06,1.4131184104122e-07,2.33159502196602e-05
Complex IV,0.2,6.5124e-06,1.45198762678563e-07,3.64861213710405e-05
Complex IV,0.2,6.5124e-06,1.49085684315906e-07,4.8806678867647e-05
Complex IV,0.2,6.5124e-06,1.50743385006969e-07,7.25478418262981e-05
Complex IV,0.2,6.5124e-06,1.52401085698032e-07,7.90538041469561e-05
Complex IV,0.2,6.5124e-06,1.54058786389096e-07,8.52849750345016e-05
Complex IV,0.2,6.5124e-06,1.55716487080159e-07,9.12455918231101e-05
Complex IV,0.2,6.5124e-06,1.62714477828822e-07,9.69438406070324e-05
Complex IV,0.2,6.5124e-06,1.69712468577485e-07,0.000130184654737766
Complex IV,0.2,6.5124e-06,1.76710459326149e-07,0.000154097601291533
Complex IV,0.2,6.5124e-06,1.99135547896264e-07,0.000170755862320276
Complex IV,0.2,6.5124e-06,2.21560636466379e-07,0.000181888857239038
Complex IV,0.2,6.5124e-06,2.43985725036494e-07,0.000190960348474513
Complex IV,0.2,6.5124e-06,2.66410813606609e-07,0.000193680725320346
Complex IV,0.2,6.5124e-06,3.12647403776984e-07,0.000192437617709948
Complex IV,0.2,6.5124e-06,3.58883993947359e-07,0.000188694735715527
Complex IV,0.2,6.5124e-06,4.05120584117734e-07,0.000183382323566808
Complex IV,0.2,6.5124e-06,4.51357174288109e-07,0.000171981619250364
Complex IV,0.2,6.5124e-06,4.97593764458484e-07,0.000159795022146771
Complex IV,0.2,6.5124e-06,5.64618398960261e-07,0.000147854197056118
Complex IV,0.2,6.5124e-06,6.31643033462038e-07,0.000136517829133837
Complex IV,0.2,6.5124e-06,6.98667667963816e-07,0.000125908815542326
Complex IV,0.2,6.5124e-06,7.65692302465593e-07,0.000112319356251548
Complex IV,0.2,6.5124e-06,8.3271693696737e-07,0.000108555754414286
Complex IV,0.2,6.5124e-06,9.02080602259131e-07,0.000104926775671737
Complex IV,0.2,6.5124e-06,9.71444267550891e-07,0.000101429151038965
Complex IV,0.2,6.5124e-06,1.04080793284265e-06,9.80602563896479e-05
Complex IV,0.2,6.5124e-06,1.11017159813441e-06,9.48166634968223e-05
Complex IV,0.2,6.5124e-06,1.17953526342617e-06,9.13744437894184e-05
Complex IV,0.2,6.5124e-06,1.29275055143368e-06,8.80744094130012e-05
Complex IV,0.2,6.5124e-06,1.40596583944119e-06,8.49110017836303e-05
Complex IV,0.2,6.5124e-06,1.5191811274487e-06,8.18788543366015e-05
Complex IV,0.2,6.5124e-06,1.63239641545621e-06,7.89727557173128e-05
Complex IV,0.2,6.5124e-06,1.74561170346373e-06,7.57299707364169e-05
Complex IV,0.2,6.5124e-06,1.99146385372603e-06,7.47881530127523e-05
Complex IV,0.2,6.5124e-06,2.23731600398833e-06,7.38602892845766e-05
Complex IV,0.2,6.5124e-06,2.48316815425064e-06,7.29461762424143e-05
Complex IV,0.2,6.5124e-06,2.72902030451294e-06,7.20456120065806e-05
Complex IV,0.2,6.5124e-06,2.97487245477525e-06,7.11583978466894e-05
Complex IV,0.2,6.5124e-06,3.47955056656131e-06,6.96022340528205e-05
Complex IV,0.2,6.5124e-06,3.98422867834737e-06,6.80871325034035e-05
Complex IV,0.2,6.5124e-06,4.48890679013343e-06,6.66120484962539e-05
Complex IV,0.2,6.5124e-06,4.99358490191949e-06,6.51759351852428e-05
Complex IV,0.2,6.5124e-06,5.49826301370555e-06,6.28344264438411e-05
Complex IV,0.2,6.5124e-06,6.82678126756533e-06,6.05965070744779e-05
Complex IV,0.2,6.5124e-06,8.15529952142512e-06,5.84576776337391e-05
Complex IV,0.2,6.5124e-06,9.48381777528491e-06,5.64135536373443e-05
Complex IV,0.2,6.5124e-06,1.08123360291447e-05,5.42857095211823e-05
Complex IV,0.2,6.5124e-06,1.21408542830045e-05,5.22604842013569e-05
Complex IV,0.2,6.5124e-06,1.61119667558821e-05,5.03329427319398e-05
Complex IV,0.2,6.5124e-06,1.73033004977454e-05,4.84983730189466e-05
Complex IV,0.2,6.5124e-06,1.84946342396087e-05,4.60812736119015e-05
Complex IV,0.2,6.5124e-06,1.9685967981472e-05,4.38259668843885e-05
Complex IV,0.2,6.5124e-06,2.0043368104031e-05,4.17213400090467e-05
Complex IV,0.2,6.5124e-06,2.040076822659e-05,3.97571850204884e-05
Complex IV,0.2,6.5124e-06,2.06795158182553e-05,3.91938706806013e-05
Complex IV,0.2,6.5124e-06,2.07631400957549e-05,3.86421222072619e-05
Complex IV,0.2,6.5124e-06,2.08467643732544e-05,3.81017003672232e-05
Complex IV,0.2,6.5124e-06,2.0930388650754e-05,3.75723669476548e-05
Complex IV,0.2,6.5124e-06,2.09554759340039e-05,3.70538918391782e-05
Complex IV,0.2,6.5124e-06,2.09805632172538e-05,3.6733732808943e-05
Complex IV,0.2,6.5124e-06,2.10056505005037e-05,3.66384954566079e-05
Complex IV,0.2,6.5124e-06,2.10131766854786e-05,3.65436281818704e-05
Complex IV,0.2,6.5124e-06,2.10207028704536e-05,3.64491302814276e-05
Complex IV,0.2,6.5124e-06,2.10282290554286e-05,3.63550006236687e-05
Complex IV,0.2,6.5124e-06,2.1030486910921e-05,3.60748019299667e-05
Complex IV,0.2,6.5124e-06,2.10327447664135e-05,3.57978660595838e-05
Complex IV,0.2,6.5124e-06,2.1035002621906e-05,3.55241561614773e-05
Complex IV,0.2,6.5124e-06,2.10356799785538e-05,3.5253634616399e-05
Complex IV,0.2,6.5124e-06,2.10363573352015e-05,3.44606938063631e-05
Complex IV,0.2,6.5124e-06,2.10370346918493e-05,3.36951228362427e-05
Complex IV,0.2,6.5124e-06,2.1037712048497e-05,3.29560049596592e-05
Complex IV,0.2,6.5124e-06,2.10379152554913e-05,3.22424251488348e-05
Complex IV,0.2,6.5124e-06,2.10381184624857e-05,3.07910430867773e-05
Complex IV,0.2,6.5124e-06,2.103832166948e-05,2.94451693714753e-05
Complex IV,0.2,6.5124e-06,2.10383826315783e-05,2.81973030520535e-05
Complex IV,0.2,6.5124e-06,2.10384435936766e-05,2.7040293676252e-05
Complex IV,0.2,6.5124e-06,2.10385045557749e-05,2.70394499307799e-05
Complex IV,0.2,6.5124e-06,2.10385655178732e-05,2.70386059628173e-05
Complex IV,0.2,6.5124e-06,2.10385838065027e-05,2.70377619618599e-05
Complex IV,0.2,6.5124e-06,2.10386020951322e-05,2.70369179956513e-05
Complex IV,0.2,6.5124e-06,2.10386203837616e-05,2.70361584684691e-05
Complex IV,0.2,6.5124e-06,2.10386258703505e-05,2.70353989823785e-05
Complex IV,0.2,6.5124e-06,2.10386313569393e-05,2.70346395362336e-05
Complex IV,0.2,6.5124e-06,2.10386368435282e-05,2.70338801294351e-05
Complex IV,0.2,6.5124e-06,2.1038642330117e-05,2.70336750963201e-05
Complex IV,0.2,6.5124e-06,2.10386439760937e-05,2.70336135869398e-05
Complex IV,0.2,6.5124e-06,2.10386444698867e-05,2.70335520778156e-05
Complex IV,0.2,6.5124e-06,2.10386449636797e-05,2.70334905689482e-05
Complex IV,0.2,6.5124e-06,2.10386454574727e-05,2.70334290603377e-05
Complex IV,0.2,6.5124e-06,2.10386459512657e-05,2.70333737028077e-05
Complex IV,0.2,6.5124e-06,2.10386460994036e-05,2.70333183454857e-05
Complex IV,0.2,6.5124e-06,2.10386462475415e-05,2.70333017383297e-05
Complex IV,0.25,8.1405e-06,0,0
Complex IV,0.25,8.1405e-06,9.88731394267737e-08,1.3593344159552e-06
Complex IV,0.25,8.1405e-06,1.07771721975183e-07,2.710877394375e-06
Complex IV,0.25,8.1405e-06,1.16670304523593e-07,4.05450489871611e-06
Complex IV,0.25,8.1405e-06,1.25568887072003e-07,5.73365267257383e-06
Complex IV,0.25,8.1405e-06,1.3149690323794e-07,7.40043554871609e-06
Complex IV,0.25,8.1405e-06,1.37424919403877e-07,9.05488198833936e-06
Complex IV,0.25,8.1405e-06,1.4131184104122e-07,2.31167633058421e-05
Complex IV,0.25,8.1405e-06,1.45198762678563e-07,3.62957840111497e-05
Complex IV,0.25,8.1405e-06,1.49085684315906e-07,4.86249877628046e-05
Complex IV,0.25,8.1405e-06,1.50743385006969e-07,7.12083862121627e-05
Complex IV,0.25,8.1405e-06,1.52401085698032e-07,9.10047197292783e-05
Complex IV,0.25,8.1405e-06,1.54058786389096e-07,0.000108215157602
Complex IV,0.25,8.1405e-06,1.55716487080159e-07,0.000123097474779002
Complex IV,0.25,8.1405e-06,1.62714477828822e-07,0.000148563471657962
Complex IV,0.25,8.1405e-06,1.69712468577485e-07,0.00016662622904436
Complex IV,0.25,8.1405e-06,1.76710459326149e-07,0.000178963556513008
Complex IV,0.25,8.1405e-06,1.99135547896264e-07,0.00018693186893868
Complex IV,0.25,8.1405e-06,2.21560636466379e-07,0.000192852182341773
Complex IV,0.25,8.1405e-06,2.43985725036494e-07,0.000193566595542101
Complex IV,0.25,8.1405e-06,2.66410813606609e-07,0.000191050703873704
Complex IV,0.25,8.1405e-06,3.12647403776984e-07,0.000186519017461853
Complex IV,0.25,8.1405e-06,3.58883993947359e-07,0.000180744736512163
Complex IV,0.25,8.1405e-06,4.05120584117734e-07,0.000168418080612391
Complex IV,0.25,8.1405e-06,4.51357174288109e-07,0.000155633653529257
Complex IV,0.25,8.1405e-06,4.97593764458484e-07,0.000143324320823316
Complex IV,0.25,8.1405e-06,5.64618398960261e-07,0.000131773332800653
Complex IV,0.25,8.1405e-06,6.31643033462038e-07,0.000121054979868593
Complex IV,0.25,8.1405e-06,6.98667667963816e-07,0.000107777491045971
Complex IV,0.25,8.1405e-06,7.65692302465593e-07,9.60634282311981e-05
Complex IV,0.25,8.1405e-06,8.3271693696737e-07,8.5778024301266e-05
Complex IV,0.25,8.1405e-06,9.02080602259131e-07,7.67515058075767e-05
Complex IV,0.25,8.1405e-06,9.71444267550891e-07,6.88274517544557e-05
Complex IV,0.25,8.1405e-06,1.04080793284265e-06,6.56793344983859e-05
Complex IV,0.25,8.1405e-06,1.11017159813441e-06,6.2706481351138e-05
Complex IV,0.25,8.1405e-06,1.17953526342617e-06,5.9899560428793e-05
Complex IV,0.25,8.1405e-06,1.29275055143368e-06,5.72491691986064e-05
Complex IV,0.25,8.1405e-06,1.40596583944119e-06,5.47463912777112e-05
Complex IV,0.25,8.1405e-06,1.5191811274487e-06,4.93965125506221e-05
Complex IV,0.25,8.1405e-06,1.63239641545621e-06,4.4718509721422e-05
Complex IV,0.25,8.1405e-06,1.74561170346373e-06,4.06307657566018e-05
Complex IV,0.25,8.1405e-06,1.99146385372603e-06,3.95122685868626e-05
Complex IV,0.25,8.1405e-06,2.23731600398833e-06,3.94137787870228e-05
Complex IV,0.25,8.1405e-06,2.48316815425064e-06,3.93156142149337e-05
Complex IV,0.25,8.1405e-06,2.72902030451294e-06,3.92177954081693e-05
Complex IV,0.25,8.1405e-06,2.97487245477525e-06,3.91203290890645e-05
Complex IV,0.25,8.1405e-06,3.47955056656131e-06,3.88300390203491e-05
Complex IV,0.25,8.1405e-06,3.98422867834737e-06,3.8542889759045e-05
Complex IV,0.25,8.1405e-06,4.48890679013343e-06,3.8258848840129e-05
Complex IV,0.25,8.1405e-06,4.99358490191949e-06,3.79778825093571e-05
Complex IV,0.25,8.1405e-06,5.49826301370555e-06,3.53259623769068e-05
Complex IV,0.25,8.1405e-06,6.82678126756533e-06,3.29466934151359e-05
Complex IV,0.25,8.1405e-06,8.15529952142512e-06,3.08134251333981e-05
Complex IV,0.25,8.1405e-06,9.48381777528491e-06,2.89007726055886e-05
Complex IV,0.25,8.1405e-06,1.08123360291447e-05,2.84676137082534e-05
Complex IV,0.25,8.1405e-06,1.21408542830045e-05,2.80461509257663e-05
Complex IV,0.25,8.1405e-06,1.61119667558821e-05,2.76358125610228e-05
Complex IV,0.25,8.1405e-06,1.73033004977454e-05,2.72361569345144e-05
Complex IV,0.25,8.1405e-06,1.84946342396087e-05,2.6846882980256e-05
Complex IV,0.25,8.1405e-06,1.9685967981472e-05,2.6777967847932e-05
Complex IV,0.25,8.1405e-06,2.0043368104031e-05,2.67093756351005e-05
Complex IV,0.25,8.1405e-06,2.040076822659e-05,2.66411071859231e-05
Complex IV,0.25,8.1405e-06,2.06795158182553e-05,2.65731619206811e-05
Complex IV,0.25,8.1405e-06,2.07631400957549e-05,2.65122864898653e-05
Complex IV,0.25,8.1405e-06,2.08467643732544e-05,2.64516707028511e-05
Complex IV,0.25,8.1405e-06,2.0930388650754e-05,2.63913134377265e-05
Complex IV,0.25,8.1405e-06,2.09554759340039e-05,2.63312135855228e-05
Complex IV,0.25,8.1405e-06,2.09805632172538e-05,2.57439854071454e-05
Complex IV,0.25,8.1405e-06,2.10056505005037e-05,2.55726979529894e-05
Complex IV,0.25,8.1405e-06,2.10131766854786e-05,2.54552629884229e-05
Complex IV,0.25,8.1405e-06,2.10207028704536e-05,2.53827796637327e-05
Complex IV,0.25,8.1405e-06,2.10282290554286e-05,2.53106953821923e-05
Complex IV,0.25,8.1405e-06,2.1030486910921e-05,2.52916269052573e-05
Complex IV,0.25,8.1405e-06,2.10327447664135e-05,2.52725863559848e-05
Complex IV,0.25,8.1405e-06,2.1035002621906e-05,2.52535737038067e-05
Complex IV,0.25,8.1405e-06,2.10356799785538e-05,2.52345889131269e-05
Complex IV,0.25,8.1405e-06,2.10363573352015e-05,2.52248592522882e-05
Complex IV,0.25,8.1405e-06,2.10370346918493e-05,2.52219414817504e-05
Complex IV,0.25,8.1405e-06,2.1037712048497e-05,2.52210662534315e-05
Complex IV,0.25,8.1405e-06,2.10379152554913e-05,2.52208036942544e-05
Complex IV,0.25,8.1405e-06,2.10381184624857e-05,2.52205411410344e-05
Complex IV,0.25,8.1405e-06,2.103832166948e-05,2.52204623757525e-05
Complex IV,0.25,8.1405e-06,2.10383826315783e-05,2.52203836109827e-05
Complex IV,0.25,8.1405e-06,2.10384435936766e-05,2.52203048466979e-05
Complex IV,0.25,8.1405e-06,2.10385045557749e-05,2.52202839618977e-05
Complex IV,0.25,8.1405e-06,2.10385655178732e-05,2.52202630771337e-05
Complex IV,0.25,8.1405e-06,2.10385838065027e-05,2.52202421924038e-05
Complex IV,0.25,8.1405e-06,2.10386020951322e-05,2.52202365535301e-05
Complex IV,0.25,8.1405e-06,2.10386203837616e-05,2.5220230914659e-05
Complex IV,0.25,8.1405e-06,2.10386258703505e-05,2.52202252757905e-05
Complex IV,0.25,8.1405e-06,2.10386313569393e-05,2.5220220200811e-05
Complex IV,0.25,8.1405e-06,2.10386368435282e-05,2.52202151258334e-05
Complex IV,0.25,8.1405e-06,2.1038642330117e-05,2.52202146690855e-05
Complex IV,0.25,8.1405e-06,2.10386439760937e-05,2.52202142123376e-05
Complex IV,0.25,8.1405e-06,2.10386444698867e-05,2.52202137555897e-05
Complex IV,0.25,8.1405e-06,2.10386449636797e-05,2.52202123853461e-05
Complex IV,0.25,8.1405e-06,2.10386454574727e-05,2.52202110151026e-05
Complex IV,0.25,8.1405e-06,2.10386459512657e-05,2.52202106040297e-05
Complex IV,0.25,8.1405e-06,2.10386460994036e-05,2.52202101929566e-05
Complex IV,0.25,8.1405e-06,2.10386462475415e-05,2.52202097818838e-05
Complex IV,0.3,9.7686e-06,0,0
Complex IV,0.3,9.7686e-06,9.88731394267737e-08,1.3593344159552e-06
Complex IV,0.3,9.7686e-06,1.07771721975183e-07,2.710877394375e-06
Complex IV,0.3,9.7686e-06,1.16670304523593e-07,4.05450489871611e-06
Complex IV,0.3,9.7686e-06,1.25568887072003e-07,5.60673852550714e-06
Complex IV,0.3,9.7686e-06,1.3149690323794e-07,7.1483898880513e-06
Complex IV,0.3,9.7686e-06,1.37424919403877e-07,8.67949246398238e-06
Complex IV,0.3,9.7686e-06,1.4131184104122e-07,2.27577328244015e-05
Complex IV,0.3,9.7686e-06,1.45198762678563e-07,3.59529060368296e-05
Complex IV,0.3,9.7686e-06,1.49085684315906e-07,4.82978687969022e-05
Complex IV,0.3,9.7686e-06,1.50743385006969e-07,6.95207640903607e-05
Complex IV,0.3,9.7686e-06,1.52401085698032e-07,8.82977482626282e-05
Complex IV,0.3,9.7686e-06,1.54058786389096e-07,0.000104782672025859
Complex IV,0.3,9.7686e-06,1.55716487080159e-07,0.000119185602936751
Complex IV,0.3,9.7686e-06,1.62714477828822e-07,0.000145906257829119
Complex IV,0.3,9.7686e-06,1.69712468577485e-07,0.000164882763230237
Complex IV,0.3,9.7686e-06,1.76710459326149e-07,0.000177873436342654
Complex IV,0.3,9.7686e-06,1.99135547896264e-07,0.000186302812408388
Complex IV,0.3,9.7686e-06,2.21560636466379e-07,0.000192700492869019
Complex IV,0.3,9.7686e-06,2.43985725036494e-07,0.000193583271644167
Complex IV,0.3,9.7686e-06,2.66410813606609e-07,0.000191073991535144
Complex IV,0.3,9.7686e-06,3.12647403776984e-07,0.000186464145976284
Complex IV,0.3,9.7686e-06,3.58883993947359e-07,0.000180569044975984
Complex IV,0.3,9.7686e-06,4.05120584117734e-07,0.00016823503161099
Complex IV,0.3,9.7686e-06,4.51357174288109e-07,0.000155459967157822
Complex IV,0.3,9.7686e-06,4.97593764458484e-07,0.000143164929869199
Complex IV,0.3,9.7686e-06,5.64618398960261e-07,0.000131629688349455
Complex IV,0.3,9.7686e-06,6.31643033462038e-07,0.000120927452241353
Complex IV,0.3,9.7686e-06,6.98667667963816e-07,0.000107640379709511
Complex IV,0.3,9.7686e-06,7.65692302465593e-07,9.59216061921086e-05
Complex IV,0.3,9.7686e-06,8.3271693696737e-07,8.56348711080982e-05
Complex IV,0.3,9.7686e-06,9.02080602259131e-07,7.66094836029602e-05
Complex IV,0.3,9.7686e-06,9.71444267550891e-07,7.41224085341629e-05
Complex IV,0.3,9.7686e-06,1.04080793284265e-06,7.17304682639924e-05
Complex IV,0.3,9.7686e-06,1.11017159813441e-06,6.94307871662722e-05
Complex IV,0.3,9.7686e-06,1.17953526342617e-06,6.72201409435439e-05
Complex IV,0.3,9.7686e-06,1.29275055143368e-06,6.72025891833344e-05
Complex IV,0.3,9.7686e-06,1.40596583944119e-06,6.71850428556539e-05
Complex IV,0.3,9.7686e-06,1.5191811274487e-06,6.71675020732288e-05
Complex IV,0.3,9.7686e-06,1.63239641545621e-06,6.71499668984639e-05
Complex IV,0.3,9.7686e-06,1.74561170346373e-06,6.71324373388961e-05
Complex IV,0.3,9.7686e-06,1.99146385372603e-06,6.7037866651789e-05
Complex IV,0.3,9.7686e-06,2.23731600398833e-06,6.69434590045159e-05
Complex IV,0.3,9.7686e-06,2.48316815425064e-06,6.68492140968268e-05
Complex IV,0.3,9.7686e-06,2.72902030451294e-06,6.6755131645309e-05
Complex IV,0.3,9.7686e-06,2.97487245477525e-06,6.607668452543e-05
Complex IV,0.3,9.7686e-06,3.47955056656131e-06,6.54065562373251e-05
Complex IV,0.3,9.7686e-06,3.98422867834737e-06,6.47447546637502e-05
Complex IV,0.3,9.7686e-06,4.48890679013343e-06,6.39335132307565e-05
Complex IV,0.3,9.7686e-06,4.99358490191949e-06,6.31347550134208e-05
Complex IV,0.3,9.7686e-06,5.49826301370555e-06,6.23483397688227e-05
Complex IV,0.3,9.7686e-06,6.82678126756533e-06,6.16052697408236e-05
Complex IV,0.3,9.7686e-06,8.15529952142512e-06,6.08732403092071e-05
Complex IV,0.3,9.7686e-06,9.48381777528491e-06,6.01520782318595e-05
Complex IV,0.3,9.7686e-06,1.08123360291447e-05,5.72003633391859e-05
Complex IV,0.3,9.7686e-06,1.21408542830045e-05,5.44272701661222e-05
Complex IV,0.3,9.7686e-06,1.61119667558821e-05,5.24591982971965e-05
Complex IV,0.3,9.7686e-06,1.73033004977454e-05,5.05837734256203e-05
Complex IV,0.3,9.7686e-06,1.84946342396087e-05,4.87960362768481e-05
Complex IV,0.3,9.7686e-06,1.9685967981472e-05,4.36883281749736e-05
Complex IV,0.3,9.7686e-06,2.0043368104031e-05,3.9272486013477e-05
Complex IV,0.3,9.7686e-06,2.040076822659e-05,3.80760425549476e-05
Complex IV,0.3,9.7686e-06,2.06795158182553e-05,3.69323434568952e-05
Complex IV,0.3,9.7686e-06,2.07631400957549e-05,3.58392129068113e-05
Complex IV,0.3,9.7686e-06,2.08467643732544e-05,3.4794535660225e-05
Complex IV,0.3,9.7686e-06,2.0930388650754e-05,3.4357316056113e-05
Complex IV,0.3,9.7686e-06,2.09554759340039e-05,3.39285805476823e-05
Complex IV,0.3,9.7686e-06,2.09805632172538e-05,3.35081696877075e-05
Complex IV,0.3,9.7686e-06,2.10056505005037e-05,3.30959274659232e-05
Complex IV,0.3,9.7686e-06,2.10131766854786e-05,3.20552713054258e-05
Complex IV,0.3,9.7686e-06,2.10207028704536e-05,3.17534776215435e-05
Complex IV,0.3,9.7686e-06,2.10282290554286e-05,3.14562890726526e-05
Complex IV,0.3,9.7686e-06,2.1030486910921e-05,3.11636362873707e-05
Complex IV,0.3,9.7686e-06,2.10327447664135e-05,3.08754526261931e-05
Complex IV,0.3,9.7686e-06,2.1035002621906e-05,3.06198551420201e-05
Complex IV,0.3,9.7686e-06,2.10356799785538e-05,3.03677744764512e-05
Complex IV,0.3,9.7686e-06,2.10363573352015e-05,3.01191621862034e-05
Complex IV,0.3,9.7686e-06,2.10370346918493e-05,2.98739706025969e-05
Complex IV,0.3,9.7686e-06,2.1037712048497e-05,2.91582818648937e-05
Complex IV,0.3,9.7686e-06,2.10379152554913e-05,2.84717103220453e-05
Complex IV,0.3,9.7686e-06,2.10381184624857e-05,2.78131068586292e-05
Complex IV,0.3,9.7686e-06,2.103832166948e-05,2.71813309831695e-05
Complex IV,0.3,9.7686e-06,2.10383826315783e-05,2.59496582897432e-05
Complex IV,0.3,9.7686e-06,2.10384435936766e-05,2.48197991165357e-05
Complex IV,0.3,9.7686e-06,2.10385045557749e-05,2.37835163752319e-05
Complex IV,0.3,9.7686e-06,2.10385655178732e-05,2.28330445966891e-05
Complex IV,0.3,9.7686e-06,2.10385838065027e-05,2.28113326787779e-05
Complex IV,0.3,9.7686e-06,2.10386020951322e-05,2.28048248297097e-05
Complex IV,0.3,9.7686e-06,2.10386203837616e-05,2.27983205409858e-05
Complex IV,0.3,9.7686e-06,2.10386258703505e-05,2.2797735338836e-05
Complex IV,0.3,9.7686e-06,2.10386313569393e-05,2.27977195389278e-05
Complex IV,0.3,9.7686e-06,2.10386368435282e-05,2.27977037390559e-05
Complex IV,0.3,9.7686e-06,2.1038642330117e-05,2.27976879392119e-05
Complex IV,0.3,9.7686e-06,2.10386439760937e-05,2.27976831992638e-05
Complex IV,0.3,9.7686e-06,2.10386444698867e-05,2.27976784593176e-05
Complex IV,0.3,9.7686e-06,2.10386449636797e-05,2.27976784477994e-05
Complex IV,0.3,9.7686e-06,2.10386454574727e-05,2.27976784362813e-05
Complex IV,0.3,9.7686e-06,2.10386459512657e-05,2.27976784247632e-05
Complex IV,0.3,9.7686e-06,2.10386460994036e-05,2.2797678413245e-05
Complex IV,0.3,9.7686e-06,2.10386462475415e-05,2.27976784117059e-05
Complex IV,0.35,1.13967e-05,0,0
Complex IV,0.35,1.13967e-05,9.88731394267737e-08,4.47923840651609e-06
Complex IV,0.35,1.13967e-05,1.07771721975183e-07,4.88072315417434e-06
Complex IV,0.35,1.13967e-05,1.16670304523593e-07,5.00103743868473e-06
Complex IV,0.35,1.13967e-05,1.25568887072003e-07,5.1212772645078e-06
Complex IV,0.35,1.13967e-05,1.3149690323794e-07,5.24145150706671e-06
Complex IV,0.35,1.13967e-05,1.37424919403877e-07,5.37576038313029e-06
Complex IV,0.35,1.13967e-05,1.4131184104122e-07,5.50999609574052e-06
Complex IV,0.35,1.13967e-05,1.45198762678563e-07,5.64415401851232e-06
Complex IV,0.35,1.13967e-05,1.49085684315906e-07,5.77823249179445e-06
Complex IV,0.35,1.13967e-05,1.50743385006969e-07,5.86567634153602e-06
Complex IV,0.35,1.13967e-05,1.52401085698032e-07,5.9530862502854e-06
Complex IV,0.35,1.13967e-05,1.54058786389096e-07,6.04046225023028e-06
Complex IV,0.35,1.13967e-05,1.55716487080159e-07,6.1278043394626e-06
Complex IV,0.35,1.13967e-05,1.62714477828822e-07,6.21511251674645e-06
Complex IV,0.35,1.13967e-05,1.69712468577485e-07,6.44654613537854e-06
Complex IV,0.35,1.13967e-05,1.76710459326149e-07,6.6777414113742e-06
Complex IV,0.35,1.13967e-05,1.99135547896264e-07,6.90869857265201e-06
Complex IV,0.35,1.13967e-05,2.21560636466379e-07,7.13941784924827e-06
Complex IV,0.35,1.13967e-05,2.43985725036494e-07,7.36989946355462e-06
Complex IV,0.35,1.13967e-05,2.66410813606609e-07,7.9677872501059e-06
Complex IV,0.35,1.13967e-05,3.12647403776984e-07,8.56407522798095e-06
Complex IV,0.35,1.13967e-05,3.58883993947359e-07,9.15876712229867e-06
Complex IV,0.35,1.13967e-05,4.05120584117734e-07,9.75186676765383e-06
Complex IV,0.35,1.13967e-05,4.51357174288109e-07,1.14137482080716e-05
Complex IV,0.35,1.13967e-05,4.97593764458484e-07,1.30631171187918e-05
Complex IV,0.35,1.13967e-05,5.64618398960261e-07,1.47000557034109e-05
Complex IV,0.35,1.13967e-05,6.31643033462038e-07,1.63246480609367e-05
Complex IV,0.35,1.13967e-05,6.98667667963816e-07,1.86752271599844e-05
Complex IV,0.35,1.13967e-05,7.65692302465593e-07,2.09999020613715e-05
Complex IV,0.35,1.13967e-05,8.3271693696737e-07,2.32989338570268e-05
Complex IV,0.35,1.13967e-05,9.02080602259131e-07,2.55725783143087e-05
Complex IV,0.35,1.13967e-05,9.71444267550891e-07,2.78210860537312e-05
Complex IV,0.35,1.13967e-05,1.04080793284265e-06,3.18499334629297e-05
Complex IV,0.35,1.13967e-05,1.11017159813441e-06,3.57977976061689e-05
Complex IV,0.35,1.13967e-05,1.17953526342617e-06,3.96661274293153e-05
Complex IV,0.35,1.13967e-05,1.29275055143368e-06,4.34563455998818e-05
Complex IV,0.35,1.13967e-05,1.40596583944119e-06,4.71698493984492e-05
Complex IV,0.35,1.13967e-05,1.5191811274487e-06,5.24398503631667e-05
Complex IV,0.35,1.13967e-05,1.63239641545621e-06,5.39903607747661e-05
Complex IV,0.35,1.13967e-05,1.74561170346373e-06,5.55269926732102e-05
Complex IV,0.35,1.13967e-05,1.99146385372603e-06,5.70498549895251e-05
Complex IV,0.35,1.13967e-05,2.23731600398833e-06,5.85590563236401e-05
Complex IV,0.35,1.13967e-05,2.48316815425064e-06,6.00547042848752e-05
Complex IV,0.35,1.13967e-05,2.72902030451294e-06,6.32183488241634e-05
Complex IV,0.35,1.13967e-05,2.97487245477525e-06,6.63211616478841e-05
Complex IV,0.35,1.13967e-05,3.47955056656131e-06,6.93641348898319e-05
Complex IV,0.35,1.13967e-05,3.98422867834737e-06,7.23482730819257e-05
Complex IV,0.35,1.13967e-05,4.48890679013343e-06,8.23997362057481e-05
Complex IV,0.35,1.13967e-05,4.99358490191949e-06,9.177584574175e-05
Complex IV,0.35,1.13967e-05,5.49826301370555e-06,0.000100512114097835
Complex IV,0.35,1.13967e-05,6.82678126756533e-06,0.000114920745231473
Complex IV,0.35,1.13967e-05,8.15529952142512e-06,0.000125596284903111
Complex IV,0.35,1.13967e-05,9.48381777528491e-06,0.000132755298908358
Complex IV,0.35,1.13967e-05,1.08123360291447e-05,0.000137705505000469
Complex IV,0.35,1.13967e-05,1.21408542830045e-05,0.0001411291563201
Complex IV,0.35,1.13967e-05,1.61119667558821e-05,0.000143506141819588
Complex IV,0.35,1.13967e-05,1.73033004977454e-05,0.000145151646838856
Complex IV,0.35,1.13967e-05,1.84946342396087e-05,0.000146283780320442
Complex IV,0.35,1.13967e-05,1.9685967981472e-05,0.000147056154255813
Complex IV,0.35,1.13967e-05,2.0043368104031e-05,0.000147573069211567
Complex IV,0.35,1.13967e-05,2.040076822659e-05,0.000147921240978045
Complex IV,0.35,1.13967e-05,2.06795158182553e-05,0.000148152393859218
Complex IV,0.35,1.13967e-05,2.07631400957549e-05,0.00014830530780893
Complex IV,0.35,1.13967e-05,2.08467643732544e-05,0.000148405393357971
Complex IV,0.35,1.13967e-05,2.0930388650754e-05,0.000148472016038628
Complex IV,0.35,1.13967e-05,2.09554759340039e-05,0.000148491988796712
Complex IV,0.35,1.13967e-05,2.09805632172538e-05,0.00014851195507661
Complex IV,0.35,1.13967e-05,2.10056505005037e-05,0.000148531914879367
Complex IV,0.35,1.13967e-05,2.10131766854786e-05,0.000148551868206335
Complex IV,0.35,1.13967e-05,2.10207028704536e-05,0.000148560530707605
Complex IV,0.35,1.13967e-05,2.10282290554286e-05,0.000148569191988152
Complex IV,0.35,1.13967e-05,2.1030486910921e-05,0.00014857785204814
Complex IV,0.35,1.13967e-05,2.10327447664135e-05,0.000148586510887716
Complex IV,0.35,1.13967e-05,2.1035002621906e-05,0.000148589108301629
Complex IV,0.35,1.13967e-05,2.10356799785538e-05,0.000148591705605719
Complex IV,0.35,1.13967e-05,2.10363573352015e-05,0.000148594302799991
Complex IV,0.35,1.13967e-05,2.10370346918493e-05,0.000148596899884449
Complex IV,0.35,1.13967e-05,2.1037712048497e-05,0.000148599496859095
Complex IV,0.35,1.13967e-05,2.10379152554913e-05,0.000148600275930076
Complex IV,0.35,1.13967e-05,2.10381184624857e-05,0.000148601054991174
Complex IV,0.35,1.13967e-05,2.103832166948e-05,0.000148601288707577
Complex IV,0.35,1.13967e-05,2.10383826315783e-05,0.00014860152242309
Complex IV,0.35,1.13967e-05,2.10384435936766e-05,0.00014860159253757
Complex IV,0.35,1.13967e-05,2.10385045557749e-05,0.000148601662651971
Complex IV,0.35,1.13967e-05,2.10385655178732e-05,0.000148601732766291
Complex IV,0.35,1.13967e-05,2.10385838065027e-05,0.000148601802880532
Complex IV,0.35,1.13967e-05,2.10386020951322e-05,0.000148601823914788
Complex IV,0.35,1.13967e-05,2.10386203837616e-05,0.000148601844949037
Complex IV,0.35,1.13967e-05,2.10386258703505e-05,0.000148601865983279
Complex IV,0.35,1.13967e-05,2.10386313569393e-05,0.000148601887017514
Complex IV,0.35,1.13967e-05,2.10386368435282e-05,0.000148601893327783
Complex IV,0.35,1.13967e-05,2.1038642330117e-05,0.000148601899638052
Complex IV,0.35,1.13967e-05,2.10386439760937e-05,0.000148601901531132
Complex IV,0.35,1.13967e-05,2.10386444698867e-05,0.000148601903424212
Complex IV,0.35,1.13967e-05,2.10386449636797e-05,0.000148601905317293
Complex IV,0.35,1.13967e-05,2.10386454574727e-05,0.000148601907210373
Complex IV,0.35,1.13967e-05,2.10386459512657e-05,0.000148601907778297
Complex IV,0.35,1.13967e-05,2.10386460994036e-05,0.000148601908346221
Complex IV,0.35,1.13967e-05,2.10386462475415e-05,0.000148601908516598
Complex IV,0.4,1.30248e-05,0,0
Complex IV,0.4,1.30248e-05,9.88731394267737e-08,4.09220016753508e-07
Complex IV,0.4,1.30248e-05,1.07771721975183e-07,8.17734400389018e-07
Complex IV,0.4,1.30248e-05,1.16670304523593e-07,1.22552937104602e-06
Complex IV,0.4,1.30248e-05,1.25568887072003e-07,1.89493426021156e-06
Complex IV,0.4,1.30248e-05,1.3149690323794e-07,2.56241086405942e-06
Complex IV,0.4,1.30248e-05,1.37424919403877e-07,3.22794836641083e-06
Complex IV,0.4,1.30248e-05,1.4131184104122e-07,4.74539733145941e-06
Complex IV,0.4,1.30248e-05,1.45198762678563e-07,6.25287735817967e-06
Complex IV,0.4,1.30248e-05,1.49085684315906e-07,7.75032985533507e-06
Complex IV,0.4,1.30248e-05,1.50743385006969e-07,2.17213027688484e-05
Complex IV,0.4,1.30248e-05,1.52401085698032e-07,3.48267997932637e-05
Complex IV,0.4,1.30248e-05,1.54058786389096e-07,4.70984134755024e-05
Complex IV,0.4,1.30248e-05,1.55716487080159e-07,6.86119979995485e-05
Complex IV,0.4,1.30248e-05,1.62714477828822e-07,8.76287841075664e-05
Complex IV,0.4,1.30248e-05,1.69712468577485e-07,0.000104309437959591
Complex IV,0.4,1.30248e-05,1.76710459326149e-07,0.000118870420515881
Complex IV,0.4,1.30248e-05,1.99135547896264e-07,0.000143847012812848
Complex IV,0.4,1.30248e-05,2.21560636466379e-07,0.000162104609281477
Complex IV,0.4,1.30248e-05,2.43985725036494e-07,0.000175066707884495
Complex IV,0.4,1.30248e-05,2.66410813606609e-07,0.000183903048250896
Complex IV,0.4,1.30248e-05,3.12647403776984e-07,0.000191457867876601
Complex IV,0.4,1.30248e-05,3.58883993947359e-07,0.000193673760540233
Complex IV,0.4,1.30248e-05,4.05120584117734e-07,0.000192452958812133
Complex IV,0.4,1.30248e-05,4.51357174288109e-07,0.000189004742624403
Complex IV,0.4,1.30248e-05,4.97593764458484e-07,0.000184121584272198
Complex IV,0.4,1.30248e-05,5.64618398960261e-07,0.000172845159644944
Complex IV,0.4,1.30248e-05,6.31643033462038e-07,0.000160680420524324
Complex IV,0.4,1.30248e-05,6.98667667963816e-07,0.000148718983411004
Complex IV,0.4,1.30248e-05,7.65692302465593e-07,0.000137341753191207
Complex IV,0.4,1.30248e-05,8.3271693696737e-07,0.000126680961390747
Complex IV,0.4,1.30248e-05,9.02080602259131e-07,0.000113067528868382
Complex IV,0.4,1.30248e-05,9.71444267550891e-07,0.00010099406463071
Complex IV,0.4,1.30248e-05,1.04080793284265e-06,9.03515372996616e-05
Complex IV,0.4,1.30248e-05,1.11017159813441e-06,8.0978337479407e-05
Complex IV,0.4,1.30248e-05,1.17953526342617e-06,7.27217628001572e-05
Complex IV,0.4,1.30248e-05,1.29275055143368e-06,6.94818047921788e-05
Complex IV,0.4,1.30248e-05,1.40596583944119e-06,6.64153691194312e-05
Complex IV,0.4,1.30248e-05,1.5191811274487e-06,6.35136899302415e-05
Complex IV,0.4,1.30248e-05,1.63239641545621e-06,6.07678203008476e-05
Complex IV,0.4,1.30248e-05,1.74561170346373e-06,5.81692115461047e-05
Complex IV,0.4,1.30248e-05,1.99146385372603e-06,5.81657272157538e-05
Complex IV,0.4,1.30248e-05,2.23731600398833e-06,5.81622419977149e-05
Complex IV,0.4,1.30248e-05,2.48316815425064e-06,5.81587566984964e-05
Complex IV,0.4,1.30248e-05,2.72902030451294e-06,5.81552716063896e-05
Complex IV,0.4,1.30248e-05,2.97487245477525e-06,5.814577742711e-05
Complex IV,0.4,1.30248e-05,3.47955056656131e-06,5.81362852202362e-05
Complex IV,0.4,1.30248e-05,3.98422867834737e-06,5.81267949798854e-05
Complex IV,0.4,1.30248e-05,4.48890679013343e-06,5.80320612109714e-05
Complex IV,0.4,1.30248e-05,4.99358490191949e-06,5.79375189984231e-05
Complex IV,0.4,1.30248e-05,5.49826301370555e-06,5.78431715800361e-05
Complex IV,0.4,1.30248e-05,6.82678126756533e-06,5.69162017333524e-05
Complex IV,0.4,1.30248e-05,8.15529952142512e-06,5.60076860229139e-05
Complex IV,0.4,1.30248e-05,9.48381777528491e-06,5.51176064711757e-05
Complex IV,0.4,1.30248e-05,1.08123360291447e-05,5.02495406524116e-05
Complex IV,0.4,1.30248e-05,1.21408542830045e-05,4.5923915552952e-05
Complex IV,0.4,1.30248e-05,1.61119667558821e-05,4.2089081802106e-05
Complex IV,0.4,1.30248e-05,1.73033004977454e-05,3.86916100380832e-05
Complex IV,0.4,1.30248e-05,1.84946342396087e-05,3.66348464993997e-05
Complex IV,0.4,1.30248e-05,1.9685967981472e-05,3.64580007034825e-05
Complex IV,0.4,1.30248e-05,2.0043368104031e-05,3.62824653400682e-05
Complex IV,0.4,1.30248e-05,2.040076822659e-05,3.61082107705418e-05
Complex IV,0.4,1.30248e-05,2.06795158182553e-05,3.59352201042076e-05
Complex IV,0.4,1.30248e-05,2.07631400957549e-05,3.57634843711908e-05
Complex IV,0.4,1.30248e-05,2.08467643732544e-05,3.4112096762949e-05
Complex IV,0.4,1.30248e-05,2.0930388650754e-05,3.25765665817048e-05
Complex IV,0.4,1.30248e-05,2.09554759340039e-05,3.11491753035022e-05
Complex IV,0.4,1.30248e-05,2.09805632172538e-05,2.98223230858461e-05
Complex IV,0.4,1.30248e-05,2.10056505005037e-05,2.85041712975544e-05
Complex IV,0.4,1.30248e-05,2.10131766854786e-05,2.7285181876349e-05
Complex IV,0.4,1.30248e-05,2.10207028704536e-05,2.61579004397783e-05
Complex IV,0.4,1.30248e-05,2.10282290554286e-05,2.51154211591623e-05
Complex IV,0.4,1.30248e-05,2.1030486910921e-05,2.43262669451926e-05
Complex IV,0.4,1.30248e-05,2.10327447664135e-05,2.40993141169201e-05
Complex IV,0.4,1.30248e-05,2.1035002621906e-05,2.38766102178974e-05
Complex IV,0.4,1.30248e-05,2.10356799785538e-05,2.38106217187466e-05
Complex IV,0.4,1.30248e-05,2.10363573352015e-05,2.37908983775975e-05
Complex IV,0.4,1.30248e-05,2.10370346918493e-05,2.37712087428519e-05
Complex IV,0.4,1.30248e-05,2.1037712048497e-05,2.37515528182441e-05
Complex IV,0.4,1.30248e-05,2.10379152554913e-05,2.37319305676166e-05
Complex IV,0.4,1.30248e-05,2.10381184624857e-05,2.36733607008181e-05
Complex IV,0.4,1.30248e-05,2.103832166948e-05,2.36558264824244e-05
Complex IV,0.4,1.30248e-05,2.10383826315783e-05,2.36505699915638e-05
Complex IV,0.4,1.30248e-05,2.10384435936766e-05,2.36453161428095e-05
Complex IV,0.4,1.30248e-05,2.10385045557749e-05,2.36400647583874e-05
Complex IV,0.4,1.30248e-05,2.10385655178732e-05,2.35877591329744e-05
Complex IV,0.4,1.30248e-05,2.10385838065027e-05,2.35356894638943e-05
Complex IV,0.4,1.30248e-05,2.10386020951322e-05,2.34838591462699e-05
Complex IV,0.4,1.30248e-05,2.10386203837616e-05,2.29854055076467e-05
Complex IV,0.4,1.30248e-05,2.10386258703505e-05,2.25086777234929e-05
Complex IV,0.4,1.30248e-05,2.10386313569393e-05,2.20531407417169e-05
Complex IV,0.4,1.30248e-05,2.10386368435282e-05,2.14765227964423e-05
Complex IV,0.4,1.30248e-05,2.1038642330117e-05,2.09315979106403e-05
Complex IV,0.4,1.30248e-05,2.10386439760937e-05,2.04183151446113e-05
Complex IV,0.4,1.30248e-05,2.10386444698867e-05,1.99354361823537e-05
Complex IV,0.4,1.30248e-05,2.10386449636797e-05,1.94381115084382e-05
Complex IV,0.4,1.30248e-05,2.10386454574727e-05,1.92954600825896e-05
Complex IV,0.4,1.30248e-05,2.10386459512657e-05,1.91556465561032e-05
Complex IV,0.4,1.30248e-05,2.10386460994036e-05,1.90186204231369e-05
Complex IV,0.4,1.30248e-05,2.10386462475415e-05,1.88843306947893e-05
Complex IV,0.45,1.46529e-05,0,0
Complex IV,0.45,1.46529e-05,9.88731394267737e-08,4.09220016753508e-07
Complex IV,0.45,1.46529e-05,1.07771721975183e-07,8.17734400389018e-07
Complex IV,0.45,1.46529e-05,1.16670304523593e-07,1.22552937104602e-06
Complex IV,0.45,1.46529e-05,1.25568887072003e-07,1.85096696814725e-06
Complex IV,0.45,1.46529e-05,1.3149690323794e-07,2.47471955193452e-06
Complex IV,0.45,1.46529e-05,1.37424919403877e-07,3.09677889404924e-06
Complex IV,0.45,1.46529e-05,1.4131184104122e-07,4.55035544777314e-06
Complex IV,0.45,1.46529e-05,1.45198762678563e-07,5.99479318717399e-06
Complex IV,0.45,1.46529e-05,1.49085684315906e-07,7.43003408079701e-06
Complex IV,0.45,1.46529e-05,1.50743385006969e-07,2.0467435394826e-05
Complex IV,0.45,1.46529e-05,1.52401085698032e-07,3.27529079016892e-05
Complex IV,0.45,1.46529e-05,1.54058786389096e-07,4.43110908785242e-05
Complex IV,0.45,1.46529e-05,1.55716487080159e-07,6.50169730191402e-05
Complex IV,0.45,1.46529e-05,1.62714477828822e-07,8.34507528503692e-05
Complex IV,0.45,1.46529e-05,1.69712468577485e-07,9.97478388792056e-05
Complex IV,0.45,1.46529e-05,1.76710459326149e-07,0.000114094656073966
Complex IV,0.45,1.46529e-05,1.99135547896264e-07,0.000138854781098189
Complex IV,0.45,1.46529e-05,2.21560636466379e-07,0.000157402200414993
Complex IV,0.45,1.46529e-05,2.43985725036494e-07,0.000170976780346123
Complex IV,0.45,1.46529e-05,2.66410813606609e-07,0.000180611190702322
Complex IV,0.45,1.46529e-05,3.12647403776984e-07,0.000189661424543285
Complex IV,0.45,1.46529e-05,3.58883993947359e-07,0.000193274206992439
Complex IV,0.45,1.46529e-05,4.05120584117734e-07,0.000193279781596982
Complex IV,0.45,1.46529e-05,4.51357174288109e-07,0.00019087489883607
Complex IV,0.45,1.46529e-05,4.97593764458484e-07,0.000186863361736198
Complex IV,0.45,1.46529e-05,5.64618398960261e-07,0.000176653349213945
Complex IV,0.45,1.46529e-05,6.31643033462038e-07,0.000165129740455827
Complex IV,0.45,1.46529e-05,6.98667667963816e-07,0.00015353890176735
Complex IV,0.45,1.46529e-05,7.65692302465593e-07,0.000142358417345829
Complex IV,0.45,1.46529e-05,8.3271693696737e-07,0.000131778711850642
Complex IV,0.45,1.46529e-05,9.02080602259131e-07,0.00011790470476224
Complex IV,0.45,1.46529e-05,9.71444267550891e-07,0.00010553438678834
Complex IV,0.45,1.46529e-05,1.04080793284265e-06,9.4588492000491e-05
Complex IV,0.45,1.46529e-05,1.11017159813441e-06,8.49154036148447e-05
Complex IV,0.45,1.46529e-05,1.17953526342617e-06,7.63672284963331e-05
Complex IV,0.45,1.46529e-05,1.29275055143368e-06,7.30454392227303e-05
Complex IV,0.45,1.46529e-05,1.40596583944119e-06,6.98954733632734e-05
Complex IV,0.45,1.46529e-05,1.5191811274487e-06,6.69090924757196e-05
Complex IV,0.45,1.46529e-05,1.63239641545621e-06,6.40777646256072e-05
Complex IV,0.45,1.46529e-05,1.74561170346373e-06,6.13932666291082e-05
Complex IV,0.45,1.46529e-05,1.99146385372603e-06,6.02094639185549e-05
Complex IV,0.45,1.46529e-05,2.23731600398833e-06,5.90542033513139e-05
Complex IV,0.45,1.46529e-05,2.48316815425064e-06,5.79268046505613e-05
Complex IV,0.45,1.46529e-05,2.72902030451294e-06,5.6826594344828e-05
Complex IV,0.45,1.46529e-05,2.97487245477525e-06,5.57529140579592e-05
Complex IV,0.45,1.46529e-05,3.47955056656131e-06,5.25190865894166e-05
Complex IV,0.45,1.46529e-05,3.98422867834737e-06,5.15975288698078e-05
Complex IV,0.45,1.46529e-05,4.48890679013343e-06,5.0697055632347e-05
Complex IV,0.45,1.46529e-05,4.99358490191949e-06,4.9817188845676e-05
Complex IV,0.45,1.46529e-05,5.49826301370555e-06,4.89574734859599e-05
Complex IV,0.45,1.46529e-05,6.82678126756533e-06,4.85453445044949e-05
Complex IV,0.45,1.46529e-05,8.15529952142512e-06,4.81378460532626e-05
Complex IV,0.45,1.46529e-05,9.48381777528491e-06,4.77349270031849e-05
Complex IV,0.45,1.46529e-05,1.08123360291447e-05,4.73365371377464e-05
Complex IV,0.45,1.46529e-05,1.21408542830045e-05,4.69818186650797e-05
Complex IV,0.45,1.46529e-05,1.61119667558821e-05,4.66306913559711e-05
Complex IV,0.45,1.46529e-05,1.73033004977454e-05,4.62831187972273e-05
Complex IV,0.45,1.46529e-05,1.84946342396087e-05,4.59390650415145e-05
Complex IV,0.45,1.46529e-05,1.9685967981472e-05,4.49275313525583e-05
Complex IV,0.45,1.46529e-05,2.0043368104031e-05,4.39463930897309e-05
Complex IV,0.45,1.46529e-05,2.040076822659e-05,4.29947640052638e-05
Complex IV,0.45,1.46529e-05,2.06795158182553e-05,4.20717556150073e-05
Complex IV,0.45,1.46529e-05,2.07631400957549e-05,4.02807007652607e-05
Complex IV,0.45,1.46529e-05,2.08467643732544e-05,3.85973045511248e-05
Complex IV,0.45,1.46529e-05,2.0930388650754e-05,3.70152261083914e-05
Complex IV,0.45,1.46529e-05,2.09554759340039e-05,3.5528355306823e-05
Complex IV,0.45,1.46529e-05,2.09805632172538e-05,3.39888185436567e-05
Complex IV,0.45,1.46529e-05,2.10056505005037e-05,3.25513161384754e-05
Complex IV,0.45,1.46529e-05,2.10131766854786e-05,3.12090992280365e-05
Complex IV,0.45,1.46529e-05,2.10207028704536e-05,2.99558451524009e-05
Complex IV,0.45,1.46529e-05,2.10282290554286e-05,2.89850230039514e-05
Complex IV,0.45,1.46529e-05,2.1030486910921e-05,2.80675723470529e-05
Complex IV,0.45,1.46529e-05,2.10327447664135e-05,2.72005504022388e-05
Complex IV,0.45,1.46529e-05,2.1035002621906e-05,2.63811941280071e-05
Complex IV,0.45,1.46529e-05,2.10356799785538e-05,2.54693967308448e-05
Complex IV,0.45,1.46529e-05,2.10363573352015e-05,2.52077722269514e-05
Complex IV,0.45,1.46529e-05,2.10370346918493e-05,2.49513203755731e-05
Complex IV,0.45,1.46529e-05,2.1037712048497e-05,2.46999510278621e-05
Complex IV,0.45,1.46529e-05,2.10379152554913e-05,2.44535720883769e-05
Complex IV,0.45,1.46529e-05,2.10381184624857e-05,2.43878981075331e-05
Complex IV,0.45,1.46529e-05,2.103832166948e-05,2.43225783534882e-05
Complex IV,0.45,1.46529e-05,2.10383826315783e-05,2.42576112564413e-05
Complex IV,0.45,1.46529e-05,2.10384435936766e-05,2.41929951207073e-05
Complex IV,0.45,1.46529e-05,2.10385045557749e-05,2.41351392219161e-05
Complex IV,0.45,1.46529e-05,2.10385655178732e-05,2.40775647581644e-05
Complex IV,0.45,1.46529e-05,2.10385838065027e-05,2.40202703573817e-05
Complex IV,0.45,1.46529e-05,2.10386020951322e-05,2.39632546576328e-05
Complex IV,0.45,1.46529e-05,2.10386203837616e-05,2.39121777399207e-05
Complex IV,0.45,1.46529e-05,2.10386258703505e-05,2.38613244876891e-05
Complex IV,0.45,1.46529e-05,2.10386313569393e-05,2.38106939197881e-05
Complex IV,0.45,1.46529e-05,2.10386368435282e-05,2.37602850623462e-05
Complex IV,0.45,1.46529e-05,2.1038642330117e-05,2.37151058819743e-05
Complex IV,0.45,1.46529e-05,2.10386439760937e-05,2.36701047959906e-05
Complex IV,0.45,1.46529e-05,2.10386444698867e-05,2.36252811011341e-05
Complex IV,0.45,1.46529e-05,2.10386449636797e-05,2.35806340990353e-05
Complex IV,0.45,1.46529e-05,2.10386454574727e-05,2.34477436893143e-05
Complex IV,0.45,1.46529e-05,2.10386459512657e-05,2.33164182576854e-05
Complex IV,0.45,1.46529e-05,2.10386460994036e-05,2.31866399126837e-05
Complex IV,0.45,1.46529e-05,2.10386462475415e-05,2.30583904088863e-05
Complex IV,0.5,1.6281e-05,0,0
Complex IV,0.5,1.6281e-05,9.88731394267737e-08,4.09220016753508e-07
Complex IV,0.5,1.6281e-05,1.07771721975183e-07,8.17734400389018e-07
Complex IV,0.5,1.6281e-05,1.16670304523593e-07,1.22552937104602e-06
Complex IV,0.5,1.6281e-05,1.25568887072003e-07,1.81548592544917e-06
Complex IV,0.5,1.6281e-05,1.3149690323794e-07,2.40394182401203e-06
Complex IV,0.5,1.6281e-05,1.37424919403877e-07,2.99089076109641e-06
Complex IV,0.5,1.6281e-05,1.4131184104122e-07,4.40063629225948e-06
Complex IV,0.5,1.6281e-05,1.45198762678563e-07,5.80179292247123e-06
Complex IV,0.5,1.6281e-05,1.49085684315906e-07,7.19430254611974e-06
Complex IV,0.5,1.6281e-05,1.50743385006969e-07,1.94169924504564e-05
Complex IV,0.5,1.6281e-05,1.52401085698032e-07,3.09799580089866e-05
Complex IV,0.5,1.6281e-05,1.54058786389096e-07,4.19026998552958e-05
Complex IV,0.5,1.6281e-05,1.55716487080159e-07,6.18789141892325e-05
Complex IV,0.5,1.6281e-05,1.62714477828822e-07,7.97717769782055e-05
Complex IV,0.5,1.6281e-05,1.69712468577485e-07,9.56970249941167e-05
Complex IV,0.5,1.6281e-05,1.76710459326149e-07,0.000109817183739128
Complex IV,0.5,1.6281e-05,1.99135547896264e-07,0.000134312883485862
Complex IV,0.5,1.6281e-05,2.21560636466379e-07,0.000153032034359594
Complex IV,0.5,1.6281e-05,2.43985725036494e-07,0.000167066867685829
Complex IV,0.5,1.6281e-05,2.66410813606609e-07,0.000177337527822712
Complex IV,0.5,1.6281e-05,3.12647403776984e-07,0.000187671345078261
Complex IV,0.5,1.6281e-05,3.58883993947359e-07,0.00019250226172829
Complex IV,0.5,1.6281e-05,4.05120584117734e-07,0.000193594439582646
Complex IV,0.5,1.6281e-05,4.51357174288109e-07,0.000192127915795781
Complex IV,0.5,1.6281e-05,4.97593764458484e-07,0.000188911338513811
Complex IV,0.5,1.6281e-05,5.64618398960261e-07,0.000179710977293493
Complex IV,0.5,1.6281e-05,6.31643033462038e-07,0.000168803949253478
Complex IV,0.5,1.6281e-05,6.98667667963816e-07,0.000157577777781865
Complex IV,0.5,1.6281e-05,7.65692302465593e-07,0.000146599389746472
Complex IV,0.5,1.6281e-05,8.3271693696737e-07,0.000136113700475591
Complex IV,0.5,1.6281e-05,9.02080602259131e-07,0.000122048267384495
Complex IV,0.5,1.6281e-05,9.71444267550891e-07,0.000109444027445883
Complex IV,0.5,1.6281e-05,1.04080793284265e-06,9.82526625912718e-05
Complex IV,0.5,1.6281e-05,1.11017159813441e-06,8.83331621476776e-05
Complex IV,0.5,1.6281e-05,1.17953526342617e-06,7.95427809161618e-05
Complex IV,0.5,1.6281e-05,1.29275055143368e-06,7.61544669919902e-05
Complex IV,0.5,1.6281e-05,1.40596583944119e-06,7.29362607859766e-05
Complex IV,0.5,1.6281e-05,1.5191811274487e-06,6.98804020548506e-05
Complex IV,0.5,1.6281e-05,1.63239641545621e-06,6.69787292604531e-05
Complex IV,0.5,1.6281e-05,1.74561170346373e-06,6.61370746103842e-05
Complex IV,0.5,1.6281e-05,1.99146385372603e-06,6.53083634822396e-05
Complex IV,0.5,1.6281e-05,2.23731600398833e-06,6.4492403698614e-05
Complex IV,0.5,1.6281e-05,2.48316815425064e-06,6.36890028270296e-05
Complex IV,0.5,1.6281e-05,2.72902030451294e-06,6.28979681197388e-05
Complex IV,0.5,1.6281e-05,2.97487245477525e-06,6.22025923474048e-05
Complex IV,0.5,1.6281e-05,3.47955056656131e-06,6.15167720990448e-05
Complex IV,0.5,1.6281e-05,3.98422867834737e-06,6.13128695863261e-05
Complex IV,0.5,1.6281e-05,4.48890679013343e-06,6.11098117690343e-05
Complex IV,0.5,1.6281e-05,4.99358490191949e-06,6.10490586178264e-05
Complex IV,0.5,1.6281e-05,5.49826301370555e-06,6.10308474208983e-05
Complex IV,0.5,1.6281e-05,6.82678126756533e-06,6.10126430264002e-05
Complex IV,0.5,1.6281e-05,8.15529952142512e-06,6.09944454318457e-05
Complex IV,0.5,1.6281e-05,9.48381777528491e-06,6.09889874790953e-05
Complex IV,0.5,1.6281e-05,1.08123360291447e-05,6.09835301380451e-05
Complex IV,0.5,1.6281e-05,1.21408542830045e-05,6.09818930550014e-05
Complex IV,0.5,1.6281e-05,1.61119667558821e-05,6.09802560270025e-05
Complex IV,0.5,1.6281e-05,1.73033004977454e-05,6.09786190540467e-05
Complex IV,0.5,1.6281e-05,1.84946342396087e-05,6.09769821361321e-05
Complex IV,0.5,1.6281e-05,1.9685967981472e-05,6.09753452732568e-05
Complex IV,0.5,1.6281e-05,2.0043368104031e-05,6.0972129856019e-05
Complex IV,0.5,1.6281e-05,2.040076822659e-05,6.09689146511658e-05
Complex IV,0.5,1.6281e-05,2.06795158182553e-05,6.09656996586837e-05
Complex IV,0.5,1.6281e-05,2.07631400957549e-05,6.09624848785587e-05
Complex IV,0.5,1.6281e-05,2.08467643732544e-05,6.09592703107763e-05
Complex IV,0.5,1.6281e-05,2.0930388650754e-05,6.09416968572777e-05
Complex IV,0.5,1.6281e-05,2.09554759340039e-05,6.09241297497996e-05
Complex IV,0.5,1.6281e-05,2.09805632172538e-05,6.09065689861459e-05
Complex IV,0.5,1.6281e-05,2.10056505005037e-05,6.08890145640281e-05
Complex IV,0.5,1.6281e-05,2.10131766854786e-05,6.08590966385189e-05
Complex IV,0.5,1.6281e-05,2.10207028704536e-05,6.08291973952732e-05
Complex IV,0.5,1.6281e-05,2.10282290554286e-05,6.07993166011054e-05
Complex IV,0.5,1.6281e-05,2.1030486910921e-05,6.05020825290127e-05
Complex IV,0.5,1.6281e-05,2.10327447664135e-05,6.02066299782089e-05
Complex IV,0.5,1.6281e-05,2.1035002621906e-05,5.99129819914218e-05
Complex IV,0.5,1.6281e-05,2.10356799785538e-05,5.71242839377492e-05
Complex IV,0.5,1.6281e-05,2.10363573352015e-05,5.44953207559419e-05
Complex IV,0.5,1.6281e-05,2.10370346918493e-05,5.20199745839577e-05
Complex IV,0.5,1.6281e-05,2.1037712048497e-05,5.08840737455021e-05
Complex IV,0.5,1.6281e-05,2.10379152554913e-05,4.97741820027627e-05
Complex IV,0.5,1.6281e-05,2.10381184624857e-05,4.86942435627717e-05
Complex IV,0.5,1.6281e-05,2.103832166948e-05,4.76450889663018e-05
Complex IV,0.5,1.6281e-05,2.10383826315783e-05,4.72854872705692e-05
Complex IV,0.5,1.6281e-05,2.10384435936766e-05,4.6929563097543e-05
Complex IV,0.5,1.6281e-05,2.10385045557749e-05,4.6577264956222e-05
Complex IV,0.5,1.6281e-05,2.10385655178732e-05,4.62285514203416e-05
Complex IV,0.5,1.6281e-05,2.10385838065027e-05,4.4814581136141e-05
Complex IV,0.5,1.6281e-05,2.10386020951322e-05,4.34590118570828e-05
Complex IV,0.5,1.6281e-05,2.10386203837616e-05,4.21598737344868e-05
Complex IV,0.5,1.6281e-05,2.10386258703505e-05,4.05270566134709e-05
Complex IV,0.5,1.6281e-05,2.10386313569393e-05,3.89771848944354e-05
Complex IV,0.5,1.6281e-05,2.10386368435282e-05,3.75105139020261e-05
Complex IV,0.5,1.6281e-05,2.1038642330117e-05,3.61241653448524e-05
Complex IV,0.5,1.6281e-05,2.10386439760937e-05,3.43690913483922e-05
Complex IV,0.5,1.6281e-05,2.10386444698867e-05,3.27433209986133e-05
Complex IV,0.5,1.6281e-05,2.10386449636797e-05,3.1237383103526e-05
Complex IV,0.5,1.6281e-05,2.10386454574727e-05,2.98424086816267e-05
Complex IV,0.5,1.6281e-05,2.10386459512657e-05,2.98414168251829e-05
Complex IV,0.5,1.6281e-05,2.10386460994036e-05,2.98404246971648e-05
Complex IV,0.5,1.6281e-05,2.10386462475415e-05,2.98394325268666e-05
